name,upc1,upc2
Z PALMA CIG 3 FOR 2 W/GRP 15CT                    Z PALMA CIG 3 FOR 2 W/GRP 15CT,8587650051560,0858765005156
Z PALMA CIG 3 FOR 2 NAKED 15CT                    Z PALMA CIG 3 FOR 2 NAKED 15CT,8587650051180,0858765005118
Z PALMA CIG 3 FOR 2 GREEN15CT                     Z PALMA CIG 3 FOR 2 GREEN15CT,8587650039230,0858765003923
Z PALMA CIG 3 FOR 2 BUZZ 15CT                     Z PALMA CIG 3 FOR 2 BUZZ 15CT,8587650054390,0858765005439
Z PALMA CIG 3 FOR 2 BLUE 15CT                     Z PALMA CIG 3 FOR 2 BLUE 15CT,8587650039300,0858765003930
X2O STARTER KIT,8141010252640,0814101025264
X20 SMART KIT/2LIQ,8141010252950,0814101025295
X FIRE PODS 4PK 1CT,7127559974280,0712755997428
X FIRE PODS 4PK 1CT,7127559974110,0712755997411
X FIRE PODS 4PK 1CT,7127559973980,0712755997398
X FIRE PODS 4PK 1CT,7127559974040,0712755997404
X FIRE DEVICE 1 CT,7127559978790,0712755997879
X FIRE DEVICE 1 CT,7127559978550,0712755997855
X FIRE DEVICE 1 CT,7127559974420,0712755997442
WO WHITE GRAPE CIGR 69/ 60CT                      WO WHITE GRAPE CIGR 69/ 60CT,317000101360,0031700010136
WO CIG W/GRAPE F/F UP 25CT                        WO CIG W/GRAPE F/F UP 25CT,317009013800,0031700901380
WILDHORSE NON-FILTER SOFT 1CTN,7089265660120,0708926566012
WILDBERRY MINT 250G ICT,8472440026630,0847244002663
WILDBERRY MINT 100G,8472440026560,0847244002656
WILD MINT TOB 100G,8472440026180,0847244002618
WILD HEMP VAPE PEN RNBOW DROP,6499643190030,0649964319003
WILD HEMP VAPE PEN PNAPPLE EXP,6499643190100,0649964319010
WILD HEMP VAPE PEN GORRILA GLU,6499643190340,0649964319034
WILD HEMP VAPE PEN DURBIN PSN,6499643190410,0649964319041
WILD HEMP VAPE PEN BLUE DREAM,6499643190270,0649964319027
WHITE CAT CIG SWEET,702351112220,0070235111222
WHITE CAT CIG BLACK,702351112390,0070235111239
WHITE CAT CIG,702351112150,0070235111215
WHITE CAT BOX,702355058090,0070235505809
VOODOO SHISHA VARIETY PK 10CT,7516672212210,0751667221221
VOODOO SHISHA TEMPTATION V/P,7516672211840,0751667221184
VOODOO SHISHA TANGY V/P 10CT,7516672213060,0751667221306
VOODOO SHISHA ISLAND V/P 10CT,7516672212690,0751667221269
VENTURA WHITES CIG PAPER 96CT,8649930,0000000864993
V2 E-CIG RED EXPRESS KIT 1CT,8493490022410,0849349002241
V2 E-CIG RED CARTRIDGE,8493490023020,0849349002302
V2 E-CIG MNTHL EXPRESS KIT 1CT,8493490022720,0849349002272
V2 E-CIG MENTHOL CARTRIDGE,8493490023330,0849349002333
V2 E CIG 10CT. MENTHOL,8493490022270,0849349002227
USA MENTHOL 100 BOX,0906003013240,0090600301324
USA GOLD RED BX 100,906003011190,0090600301119
USA GOLD RED 100 BX                               USA GOLD RED 100 BX,0906003010960,0090600301096
USA GOLD MENTL 100,906003013620,0090600301362
USA GOLD GOLD BOX 100,906003011020,0090600301102
USA GOLD 100 MEN SOFT,906003013790,0090600301379
USA GOLD  DRK GREEN 100 BX,906003011400,0090600301140
TRUE BLUNT XTREME BERRY 25 CT                     TRUE BLUNT XTREME BERRY 25 CT,6196825725470,0619682572547
TRUE BLUNT TEQUILLA LIME,6196820304670,0619682030467
TRU LEAF 12CT,TRU120,00000000TRU12
TROJAN MAGNUM  JAR 100 CT,1659-1000,000001659-100
TREEZVILLE CIG NATURAL 25CT,7051057246690,0705105724669
TRAFFIC RED KING BOX CTN,8799820032990,0879982003299
TRAFFIC RED 100 BOX CTN,8799820032440,0879982003244
TRAFFIC MEN/GREEN KING BX,8799820033290,0879982003329
TRAFFIC CIGAR CHERRY 100 BOX,8799820041420,0879982004142
TRAFFIC BLUE KING BOX CTN,8799820033050,0879982003305
TRAFFIC BLUE 100 BOX CTN,8799820032510,0879982003251
TOP SLIM FILTERS 100CT,0771702601041,0077170260104
TOP JAR REG 96 CT.,771701037010,0077170103701
TOKE TOKEN ROLLING PAPER 96CT,185051240080,0018505124008
THROWBACK 5PK WILD BERRY 40CT,8600046716202,0860004671620
THROWBACK 5PK SWEET AROMA 40CT,8600046716062,0860004671606
THROWBACK 5PK RUSS CREAM  40CT,8600046716372,0860004671637
THROWBACK 5PK ORIGINAL 40CT,8600046716132,0860004671613
THROWBACK 5PK GRAPE CHRY 40CT,8600046716921,0860004671692
THROWBACK 5PK BLK VELVET 40CT,8600048780771,0860004878077
THROWBACK 5PK BANANA 40CT,8600048780081,0860004878008
STOKERS L-50 16OZ 6 CT,7999530201100,0799953020110
STARBUZZ 100GM HOOKAH TOBACCO,STARBUZZ0,00000STARBUZZ
SS PERFECTO  5X10  50CT,259002824550,0025900282455
SS MINI 3F2 COMBO DISPLAY 60CT                    SS MINI 3F2 COMBO DISPLAY 60CT,0259002808400,0025900280840
SS CIGARILLOS 5FOR3 5PK                           SS CIGARILLOS 5FOR3 5PK,259002970080,0025900297008
SS 2/99 ARTIC ICE 30CT                            SS 2/99 ARTIC ICE 30CT,0259003300330,0025900330033
SIMPLY MINT E/CIG 1 CT,7137579332090,0713757933209
SHOW 5FOR3 WET & FRUITY 15CT                      SHOW 5FOR3 WET & FRUITY 15CT,8587650087060,0858765008706
SHOW 5FOR3 TROPICAL TWISTA 15C                    SHOW 5FOR3 TROPICAL TWISTA 15C,8587650074020,0858765007402
SHOW 5FOR3 SWEET 15CT                             SHOW 5FOR3 SWEET 15CT,8587650068010,0858765006801
SHOW 5FOR3 OG KUSH 15CT                           SHOW 5FOR3 OG KUSH 15CT,8587650067950,0858765006795
SHOW 5FOR3 MANGO 15CT                             SHOW 5FOR3 MANGO 15CT,8587650091160,0858765009116
SHOW 5FOR3 BLACK NATURAL 15CT                     SHOW 5FOR3 BLACK NATURAL 15CT,8587650067710,0858765006771
SHOW 5FOR3  WHITE GRAPE 15CT                      SHOW 5FOR3  WHITE GRAPE 15CT,8587650068250,0858765006825
SHOW 5FOR1 ICE 15CT                               SHOW 5FOR1 ICE 15CT,8587650089040,0858765008904
SHOW 5FOR1 BEEBERRY 15CT                          SHOW 5FOR1 BEEBERRY 15CT,8587650090170,0858765009017
SHOW 5/$1 15/5CT SWEET                            SHOW 5/$1 15/5CT SWEET,5876500582080,8587650058208
SHOW 2/99 BLUNTCONE ZERO                          SHOW 2/99 BLUNTCONE ZERO,8587650013630,0858765001363
SHOW 2/99 BLUNTCONE WET&FRUTY                     SHOW 2/99 BLUNTCONE WET&FRUTY,8587650013490,0858765001349
SHOW 2/99 BLUNTCONE WATERMELON                    SHOW 2/99 BLUNTCONE WATERMELON,8587650013250,0858765001325
SHOW 2/99 BLUNTCONE MANGO,8587650012950,0858765001295
SHOW 2/99 BLUNTCONE KUSH,8587650012880,0858765001288
SHOW 2/99 BLUNTCONE CHOCOLATE                     SHOW 2/99 BLUNTCONE CHOCOLATE,8171270200051,0817127020005
SHOW 2/99 BLUNTCONE BLUE PALMA,8587650012570,0858765001257
SHIELD SILVER  100S BOX,8140575017130,0814057501713
SHIELD RED KING BOX,8140572007150,0814057200715
SHIELD BLUE KING BOX,8140573007120,0814057300712
SENECA SWEET CIGR GRAPE CTN,8445040007970,0844504000797
RUSH STARTER KIT,8174580259250,0817458025925
RUSH NIC SALT MENTHOL 1CASE,8174580261130,0817458026113
RUSH NCTN SALT TOBACCO,8174580259010,0817458025901
RUSH NCTN SALT RAZZLETAZ,8174580259700,0817458025970
RUSH NCTN SALT MENTHOL,8174580259630,0817458025963
RUSH NCTN SALT MANGO,8174580259560,0817458025956
ROXWELL 3/99 WHITE GRAPE                          ROXWELL 3/99 WHITE GRAPE,8184330104071,0818433010407
ROXWELL 3/99 SWEET                                ROXWELL 3/99 SWEET,8184330104211,0818433010421
ROXWELL 3/99 SILVER                               ROXWELL 3/99 SILVER,8184330104141,0818433010414
ROXWELL 3/99 PINEAPPLE                            ROXWELL 3/99 PINEAPPLE,8184330104381,0818433010438
ROXWELL 3/99 BLUEBERRY                            ROXWELL 3/99 BLUEBERRY,8184330103911,0818433010391
ROXWELL 3/99  GREEN SWEET                         ROXWELL 3/99  GREEN SWEET,8184330104761,0818433010476
RIPTIDE RIPSTICK KIT 1CT,8404391650060,0840439165006
RIPSTICK TROPICAL POD 5.0% 1CT,8404391624700,0840439162470
RIPSTICK TROPICAL POD 2.4% 1CT,8404391619920,0840439161992
RIPSTICK TOBACCO POD 5.0% 1CT,8404391622960,0840439162296
RIPSTICK MINT POD 5.0% 1CT,8404391623260,0840439162326
RIPSTICK MANGO POD 5.0% 1CT,8404391625000,0840439162500
RIPSTICK MANGO POD 2.4% 1CT,8404391620290,0840439162029
RIPSTICK BLUERASPBERRY 5% 1CT,8404391623570,0840439162357
RIPSTICK BLUERASPBERRY 2.4 1CT,8404391618790,0840439161879
RIPSTICK BERRY POD 5.0% 1CT,8404391624180,0840439162418
RIPSTICK BERRY POD 2.4% 1CT,8404391619300,0840439161930
RIPSTICK  MINT POD 2.4% 1CT,8404391618480,0840439161848
RED RIVER SMOOTH 16OZ 1CT,8126150034710,0812615003471
RED DAWN 2000 ALL FLAVORS 10CT,RD20000,0000000RD2000
RCN DIS PINK LEMONADE 1CT,9999999999620,0999999999962
RB WET MANGO 3/98 60CT                            RB WET MANGO 3/98 60CT,6196820312590,0619682031259
RB PURPLE HAZE 3/98 60CT                          RB PURPLE HAZE 3/98 60CT,6196820312800,0619682031280
RB PINEAPPLE 3/98 60CT                            RB PINEAPPLE 3/98 60CT,6196820313720,0619682031372
RB BLACK MAMBA 3/98 60CT                          RB BLACK MAMBA 3/98 60CT,6196820312280,0619682031228
R&M SWITCH 2400 - VAN ICE/FRTF,8526713213000,0852671321300
R&M SWITCH 2400 - STW Y/BLU RZ,8526526526690,0852652652669
R&M SWITCH 2400 - STR KIW/PINA,8526415154180,0852641515418
R&M SWITCH 2400 - R APPL/OREO,8526249856410,0852624985641
R&M SWITCH 2400 - PSC/COTN CND,8526432121170,0852643212117
R&M SWITCH 2400 - PCH O/CHRY L,8526463413400,0852646341340
R&M SWITCH 2400 - OPM/TBLOOD,8526418945440,0852641894544
R&M SWITCH 2400 - HNY PSN F/TF,8526023111650,0852602311165
R&M SWITCH 2400 - ENRGY/GUAVA,8526415156470,0852641515647
R&M SWITCH 2400 - COLA/WMELON,8526794613120,0852679461312
R&M SWITCH 2400 - BANICE/POMG,8526416434180,0852641643418
R&M SWITCH 2400 - ALO GRP/MANG,8526424325230,0852642432523
PURE FRONTO DARK,6805694854100,0680569485410
PUF WATERMELON PODS 1CT,6507282734000,0650728273400
PUF TOBACCO PODS 1CT,6507282736460,0650728273646
PUF STRAWBERRY PODS 1CT,6507282733940,0650728273394
PUF MIXED FRUIT PODS 1CT,6507282735230,0650728273523
PUF MINT PODS 1CT,6507282733700,0650728273370
PUF MANGO PODS 1CT,6507282733630,0650728273363
PIRATES CAVE E/CIG ICT,7137579335060,0713757933506
PINK LEMONADE PODS 1CT,8526750728710,0852675072871
PHILLIES BLUNT CIGAR 50CT                         PHILLIES BLUNT CIGAR 50CT,0702351085120,0070235108512
PHILL KROME CIG W/GRP BOX,702351112910,0070235111291
PHILL KROME CIF SW BOX,702351112840,0070235111284
PEPSODENTTOOTH BRUSH 4PK ICT,6729358014120,0672935801412
PENGUIN XXL 1800 TNG PRPL ICE,8686745130620,0868674513062
PENGUIN XXL 1800 MANGO BOMB,8686745130790,0868674513079
PENGUIN XXL 1800 LUSH ICE,8686745130170,0868674513017
PENGUIN XXL 1800 ENERGY,8686745130480,0868674513048
PENGUIN XXL 1800 COOL MINT,8686745130240,0868674513024
PENGUIN XXL 1800 BOOSTER ICE,8686745130550,0868674513055
PENGUIN XXL 1800 BLUE RAZ,8686745130000,0868674513000
PENGUIN XXL 1800 BANANA ICE,8686745130310,0868674513031
PEACH QUEEN TOB 250G,8472440004300,0847244000430
NECTAR FLTR CGR VANILA 200CT,6100741057180,0610074105718
NECTAR FLTR CGR PEACH 200CT,6100741057700,0610074105770
NECTAR FLTR CGR MENTHOL 200CT,6100741056260,0610074105626
NECTAR FLTR CGR LIGHT 200CT,6100741055960,0610074105596
NECTAR FLTR CGR GAPE 200CT,6100741056880,0610074105688
NECTAR FLTR CGR FULL FLVR 200C,6100741055650,0610074105565
NECTAR FLTR CGR CHERRY 200CT,6100741056570,0610074105657
MY BLU INT MENTHOL 2.5% 1CT,8879690105670,0887969010567
MY BLU DEVICE 1CT,8879690110830,0887969011083
MR FOG ELITE WMELON RASP 1CT,8598562441640,0859856244164
MR FOG ELITE STRBRY BANANA 1CT,8598562441400,0859856244140
MR FOG ELITE RED BERRY 1CT,8598562441330,0859856244133
MR FOG ELITE PINK LEMONADE 1CT,8598562441710,0859856244171
MR FOG ELITE MANGO PEACH G 1CT,8598562441570,0859856244157
MR FOG ELITE MANGO LYCHEE 1CT,8598562442010,0859856244201
MR FOG ELITE GRAPE BLK 1CT,8598562441880,0859856244188
MR FOG ELITE COLA GUMMIES 1CT,8598562441950,0859856244195
MNGO PODS STRAWBRRY MNGO 1CT,2602097703370,0260209770337
MNGO PODS STRAWBERRY MINT 1CT,2602097703750,0260209770375
MNGO PODS PINK LEMONADE 1CT,2602097703680,0260209770368
MNGO PODS MANGO MELON 1CT,2602097703510,0260209770351
MNGO PODS MANGO 1CT,2602097703200,0260209770320
MNGO PODS 6% NIC 1CT.,MNGO0,000000000MNGO
MINT GULUSSUS TOB 250G,8472440004780,0847244000478
MELON BLUE TOB 100G,8472440005770,0847244000577
MAVRK SLV BOX 100,0261008065330,0026100806533
MAVERICK RED FF 100 BX,261008015380,0026100801538
MAVERICK RED F/F K/S BX,261008087420,0026100808742
MAVERICK MTL GOLD BX 100,261008013090,0026100801309
MAVERICK MTHL GREEN K/S BX,261008012860,0026100801286
MAVERICK MTHL GREEN 100 BX,261008012790,0026100801279
MAVERICK GOLD BX K/S,261008088410,0026100808841
MAVERICK GOLD BX 100,261008015520,0026100801552
LONGHORN WNTRGRN .99/PCH                          LONGHORN WNTRGRN .99/PCH,7624464903940,0762446490394
LONGHORN WGRN PCH 1.49 10CT                       LONGHORN WGRN PCH 1.49 10CT,7624464902640,0762446490264
LONGHORN MINT PCH 1.49 10CT                       LONGHORN MINT PCH 1.49 10CT,7624464933710,0762446493371
LONGHORN LC STRAIGHT .99/PCH                      LONGHORN LC STRAIGHT .99/PCH,7624464923980,0762446492398
LIQ GLD VAP TNK STWBRY 0.5ML 1,6177624380660,0617762438066
LIQ GLD VAP TNK JNGL JUCE .5ML,6177624380590,0617762438059
LEAP VAPOR RC TOBACCO 5/2CT,8888614121900,0888861412190
LEAP VAPOR MENTHOL 5/2CT,8888614121070,0888861412107
LEAP VAPOR KY TOBACCO 5/2CT,8888614120150,0888861412015
LEAP VAPOR KY MENTHOL 5/2CT,8888614120220,0888861412022
LEAP VAPOR GA TOBACCO 5/2CT,8888614121210,0888861412121
LEAP VAPOR CARL TOBACCO 5/2CT,8888614120600,0888861412060
LEAP GO WATERMELON KIWI 1CT,8888613022000,0888861302200
LEAP GO SMOOTH TOBACCO 1CT,8888613060000,0888861306000
LEAP GO MIXED BERRY 1CT,8888613060480,0888861306048
LEAP GO MENTHOL 1CT,8888613021010,0888861302101
LEAP GO KIT 1CT,8888613010050,0888861301005
LEAP GO ISLAND CREAM 1CT,8888613020400,0888861302040
LEAP GO FRESH MANGO 1CT,8888613060240,0888861306024
LEAP GO CREAMY MINT 1CT,8888613020570,0888861302057
LEAP GO CITRUS MENTHOL 1CT,8888613060170,0888861306017
LEAP GO CAROLINA TOBACCO 1CT,8888613020640,0888861302064
LEAP GO ARCTIC BERRY 1CT,8888613021630,0888861302163
LEAP GO APPLE STRAWBERRY 1CT,8888613020020,0888861302002
LEAP DEVICE KIT 5CT,8888614109980,0888861410998
L/H MINI TUB L/C WTGN 7.2 1CT,7624464043220,0762446404322
L/H MINI TUB L/C ST 7.2 OZ 1CT,7624464243200,0762446424320
L/H  MINI TUB F/C NAT 7.2OZ 1C,7624464143210,0762446414321
KIWI STRAWBERRY 100G,8472440019010,0847244001901
KING PALM XL POUCH 5PK 15CT,8540290085641,0854029008564
KING PALM SLIM MAGIC MINT 20CT,8540290087551,0854029008755
KING PALM SLIM BANANA CRM 20CT,8540290086941,0854029008694
KING PALM SLIM 2/2.49 32CT                        KING PALM SLIM 2/2.49 32CT,8540290084891,0854029008489
KING PALM MINI WMELON WAV 20CT,8500189870491,0850018987049
KING PALM MINI MAGIC MINT 20CT,8500189870321,0850018987032
KING PALM MINI BERRY TERP 20CT,8540290087311,0854029008731
KING PALM MINI BANANA CRM 20CT,8500189870561,0850018987056
KING PALM MINI 1.9920CT                           KING PALM MINI 1.9920CT,8540290080435,0854029008043
KANGVAPE ONEE STICK 1800 10CT,KANG18000,00000KANG1800
KANGVAPE 1800 STRBRY ICE 10CT,1940400009050,0194040000905
KANGVAPE 1800 PINAPPL ICE 10CT,1940400007140,0194040000714
KANGVAPE 1800 PEACH ICE 10CT,1940400008510,0194040000851
KANGVAPE 1800 ORANGE SODA 10CT,1940400007520,0194040000752
KANGVAPE 1800 MIXED FRUIT 10CT,1940400007380,0194040000738
KANGVAPE 1800 MELON ICE 10CT,1940400006840,0194040000684
KANGVAPE 1800 MANGO ICE 10CT,1940400008750,0194040000875
KANGVAPE 1800 LUSH ICE 10CT,1940400008440,0194040000844
KANGVAPE 1800 GUAVA ICE 10CT,1940400008990,0194040000899
KANGVAPE 1800 GRAPE ICE 10CT,1940400006770,0194040000677
KANGVAPE 1800 ENERGY DRNK 10CT,1940400007210,0194040000721
KANGVAPE 1800 COOL MINT 10CT,1940400007690,0194040000769
KANGVAPE 1800 COLA ICE 10CT,1940400006910,0194040000691
KANGVAPE 1800 BLUE RZ ICE 10CT,1940400008820,0194040000882
KANGVAPE 1800 BLUBRY LEMN 10CT,1940400007450,0194040000745
KANGVAPE 1800 BANANA ICE 10CT,1940400008680,0194040000868
KANGVAPE 1800 BAN/STR ICE 10CT,1940400007070,0194040000707
KANG OMEGA PLUS 2500 10CT,KANG25000,00000KANG2500
KANG OMEGA 2500 - WMELON RUSH,1940400017590,0194040001759
KANG OMEGA 2500 - STRWNANA RSH,1940400018890,0194040001889
KANG OMEGA 2500 - STRWBRY MILK,1940400018580,0194040001858
JUM SOUR APPLE 1CT,6515361235980,0651536123598
JUM SMOOTH MENTHOL 1CT,6515361235810,0651536123581
JUM MIGHTY MANGO 1CT,6515361235670,0651536123567
JUM DOUBLE BLUEBERRY 1CT,6515361235740,0651536123574
JUM COFFEE BLEND 1CT,6515361235500,0651536123550
JUM CLASSIC TOBACCO 1CT,6515361235430,0651536123543
JUICEY BLUNT BLUNT & MILD 25 C                    JUICEY BLUNT BLUNT & MILD 25 C,0161650052860,0016165005286
JOY PODS ALL FLAVOURS 1CT,JOY0,0000000000JOY
JOB SINGLE WIDE 99 CENTS 72CT,864008012870,0086400801287
JOB ORNJ 11/4 $0.99 100 CT JAR                    JOB ORNJ 11/4 $0.99 100 CT JAR,0771701018750,0077170101875
JOB FRENCH LIGHT JAR $1.49                        JOB FRENCH LIGHT JAR $1.49,0771702502801,0077170250280
JAZZ XXL 2000 WMELON LUSH 10CT,9433830331900,0943383033190
JAZZ XXL 2000 STRWBRY ICE 10CT,9733830331970,0973383033197
JAZZ XXL 2000 LUSH ICE 10CT,9833830331960,0983383033196
JAZZ XXL 2000 GUMMY BEAR 10CT,9133830331930,0913383033193
JAZZ XXL 2000 COOL MINT 10CT,9333830331910,0933383033191
JAZZ XXL 2000 BLUE RAZ 10CT,9233830331920,0923383033192
JAZZ XXL 2000 BANANA ICE 10CT,9533830331990,0953383033199
JAZZ XXL 2000 APPLE ICE 10CT,9633830331980,0963383033198
IRISH PEACH TOB 250G,8472440051380,0847244005138
IRISH PEACH ELC/CIG 1 CT,7137579331000,0713757933100
HOMBRE CIGAR RED,951819003480,0095181900348
HOMBRE CIGAR MENTHOL,951819003860,0095181900386
HOMBRE CIGAR LIGHT,951819003620,0095181900362
HAV-A-TAMPA JEWELS REG PK,0764523045150,0076452304515
GT 4/99 4KINGS PINA COLDA 15CT                    GT 4/99 4KINGS PINA COLDA 15CT,8188920139810,0818892013981
GT 4/99 4KINGS CAPPUCINO 15CT                     GT 4/99 4KINGS CAPPUCINO 15CT,8188920163710,0818892016371
GT 4/99 4KINGS BANANA SPLIT 15                    GT 4/99 4KINGS BANANA SPLIT 15,8188920163020,0818892016302
GT 4/99 4KING PUMPKIN 15 CT                       GT 4/99 4KING PUMPKIN 15 CT,8188920143770,0818892014377
GT 3/99 SWEET DISPLAY $1.50 OF                    GT 3/99 SWEET DISPLAY $1.50 OF,8188920145440,0818892014544
GT 3/99 SWEET BONUS HD 15/3CT                     GT 3/99 SWEET BONUS HD 15/3CT,8424261428090,0842426142809
GT 3/99 HD RUSSIAN CREAM 15CT                     GT 3/99 HD RUSSIAN CREAM 15CT,RC0,00000000000RC
GT 3/99 HD KASH 15CT                              GT 3/99 HD KASH 15CT,8424261476750,0842426147675
GRABBA LEAF HMP PAPR K/S 50CT,949220569860,0094922056986
GOLD RUSH CIGAR RED BX,7895025320580,0789502532058
GOLD RUSH CIGAR GREEN BX,7895025320720,0789502532072
GOLD RUSH CIGAR  BLUE BX,7895025320650,0789502532065
GOLD CREST YELLOW 100S,7673214231600,0767321423160
GOLD CREST RED K/S BX,7673214141750,0767321414175
GOLD CREST RED 100S BX,7673214131610,0767321413161
"GOLD CREST MENTHOL 100,S",7673214431680,0767321443168
GOLD CREST MENTHOL,7673214421540,0767321442154
GM SILVER 0.79 CENTS 25CT                         GM SILVER 0.79 CENTS 25CT,0317000095670,0031700009567
GM G/VEGA  GREEN 79C 25CT                         GM G/VEGA  GREEN 79C 25CT,317000095050,0031700009505
GLACE STICKS 1500 PUFFS DISP,GLACE0,00000000GLACE
GAME 2/1.49 W/GRAPE 30CT,0317002333680,0031700233368
GAME 2/1.49 SWEET 30CT,0317002333440,0031700233344
GAME 2/1.49 SILVER 30CT,0317002333820,0031700233382
GAME 2/1.49 GRAPE 30CT,0317002333750,0031700233375
GAME 2/1.49 GOLD 30CT,0317002334360,0031700233436
GAME 2/1.49 BLUE 30CT,0317002333990,0031700233399
GAME 2/1.49 BLACK 30CT,0317002334290,0031700233429
GAMBLER CIG PAPER .49 JAR,0771702602370,0077170260237
FUZZY NOVAL TOB 250G,8472440018190,0847244001819
FUZZY NAVAL TOB 100G,8472440018020,0847244001802
FUTUROLA TYSON BLUNT WRAPS 25C,8195000248672,0819500024867
FUTUROLA TYSON BLUNT CONES 12C,8195000248502,0819500024850
FUTUROLA SNOOP BLUNT WRAPS 25C,8195000262122,0819500026212
FUTUROLA SNOOP BLUNT CONES 12C,8195000262052,0819500026205
FUMA SWEET LYCHEE POD 1CT,786458820,0000078645882
FUMA SMOOTH STRWBRY POD 1CT,786457140,0000078645714
FUMA PURE PINEAPPLPOD 1CT,786457760,0000078645776
FUMA PURE MANGO POD 1CT,786457210,0000078645721
FUMA MUTI PODS 1CT,786458990,0000078645899
FUMA LUSH ICE POD 1CT,786188310,0000078618831
FUMA JUICY GRAPE POD 1CT,786457380,0000078645738
FUMA COOL MELON POD 1CT,786458060,0000078645806
FRONTO SWEET 20POUCHES,FSWT0,000000000FSWT
FRONTO RUSSIAN CREAM 20POUCHES,FR0,00000000000FR
FRONTO NATURAL 20POUCHES,FN0,00000000000FN
FRONTO KING/TRU LEAF 1CT,8606680000080,0860668000008
FRONTO KING WIZZLA 1CT,7618475491130,0761847549113
FRONTO KING DRK CRUSH 12GM BTL,7501227866710,0750122786671
FORTUNA MTHL GRN BX  SOFT,906000014600,0090600001460
FIESTA TOWEL 1 ROLL,771701089110,0077170108911
FIESTA TOWEL 1 ROLL,7719131523070,0771913152307
FANTASIA HOOKAH TOB  ADIOS,8124740105730,0812474010573
FANTASIA E-HKH PUROLE HAZE 1CT,8495230036990,0849523003699
FANTASIA E-HKH JOKER 1CT,8495230048630,0849523004863
FANTASIA E-HKH ICE MINT 1CT,8495230048490,0849523004849
FANTASIA E-HKH DIRTY BLONDE 1C,8495230048560,0849523004856
FANTASIA E-HKH  ADIOS 1 CT,8495230036440,0849523003644
FANTASIA CUPIDS ARROW 50GM,8124740101460,0812474010146
EZWIDER MIX JAR 96CT,0744601513971,0074460151397
EZWIDER JOKER MIX JAR 96CT,0744601513671,0074460151367
EZWIDER JAR 1.5 72CT,0744601514071,0074460151407
EZWIDER JAR 1.25 96CT,0744601513871,0074460151387
EZ SPLITZ CIGAR CUTTER 60CT                       EZ SPLITZ CIGAR CUTTER 60CT,8748630049140,0874863004914
EZ ROLL WHITE GRAPE,6196820016270,0619682001627
EZ ROLL w/ROYALBLUNT DOUBLE UP,6196820055710,0619682005571
EZ ROLL w/BLUEBERRY DOUBLE UP,6196820053350,0619682005335
EZ ROLL STBERRY BANANA,6196826212830,0619682621283
EZ ROLL S/APPLE DOUBLE UP 25CT                    EZ ROLL S/APPLE DOUBLE UP 25CT,6196820208020,0619682020802
EZ ROLL PASSION FRUIT,6196826214290,0619682621429
EZ ROLL MANGO DOUBLE UP 25CT,6196820206040,0619682020604
EZ ROLL G/PEACH DOUBLE UP 25CT,6196820209870,0619682020987
EZ ROLL CLOVES,6196820700500,0619682070050
EZ ROLL CHRONIC WRAP 25CT,6196820701730,0619682070173
EZ ROLL CHERRY VANILLA,6196826212070,0619682621207
EZ ROLL B/BERRY D/UP 25CT,6196820207410,0619682020741
EXTENDOS SILVER LOUD 2/99 15CT,8165180139950,0816518013995
EXTENDOS PURPLE K  2/99 15CT                      EXTENDOS PURPLE K  2/99 15CT,8165180173060,0816518017306
EXOTIC U.F.O. TOB 250G,8472440008430,0847244000843
EXOTIC U F O TOB 100G,8472440008360,0847244000836
EXOTIC PINK TOB 100G,8472440021370,0847244002137
EON WATERMELON PODS 1CT,8526750727030,0852675072703
EON SOUR APPLE PODS 1CT,8526750717510,0852675071751
EON SILY STRAWBERRY PODS 1CT,8526750726730,0852675072673
EON PODS ALL FLAVOR ICT,EON0,0000000000EON
EON POD MANGO 1CT,8526750726800,0852675072680
EON PINEAPPLE CRUSH PODS 1CT,8526750725290,0852675072529
EON MULTI PODS 1CT,8526750726420,0852675072642
EON LUSH ICE PODS 1CT,8526750723830,0852675072383
EON GRAPE PODS 1CT,8526750724440,0852675072444
DOUBLE PLATINUM XXL GRAPE,6445362861270,0644536286127
DOUBLE PLATINUM XO COGNAC 25CT,6445362270210,0644536227021
DOUBLE PLATINUM WILD HONEY 25C,6445362274270,0644536227427
DOUBLE PLATINUM WHITE GRAPE,6445362483230,0644536248323
DOUBLE PLATINUM WET CHERRY25CT                    DOUBLE PLATINUM WET CHERRY25CT,6445362276250,0644536227625
DOUBLE PLATINUM WATERMELON,6445362264200,0644536226420
DOUBLE PLATINUM STRW/ KIWI,6445362260240,0644536226024
DOUBLE PLATINUM PURPLE 25CT,6445362277240,0644536227724
DOUBLE PLATINUM PINA COLADA,6445362265290,0644536226529
DOUBLE PLATINUM PEACH 25 CT                       DOUBLE PLATINUM PEACH 25 CT,6445362263210,0644536226321
DOUBLE PLATINUM MOJITO 25 CT,6445362280280,0644536228028
DOUBLE PLATINUM GRAPE 25CT                        DOUBLE PLATINUM GRAPE 25CT,6445362261230,0644536226123
DOUBLE PLATINUM FR/VANILLA,6445362268260,0644536226826
DOUBLE PLATINUM COSMOPOLITAN,6445362266280,0644536226628
DOUBLE PLATINUM CHOCOLATE25 CT,6445362271200,0644536227120
DOUBLE PLATINUM CHAMPAGNE 25CT                    DOUBLE PLATINUM CHAMPAGNE 25CT,6445362272290,0644536227229
DOUBLE PLATINUM BLUEBERRY 25CT,6445362262220,0644536226222
DOUBLE PLATINUM BERRIES 25CT,6445362267270,0644536226727
DOUBLE PLATINUM AOOLE MARTINI,6445362269250,0644536226925
DOUBLE APPLE TOB 250G,8472440012530,0847244001253
DOUBLE APPLE TOB 100G,8472440012460,0847244001246
DM 2/99 SILVER DUTCH BLND 30CT                    DM 2/99 SILVER DUTCH BLND 30CT,DMS990,00000000DMS99
DM 2/99 SILVER 30CT                               DM 2/99 SILVER 30CT,0716103400150,0071610340015
DM 2/99 JAVA FUSION                               DM 2/99 JAVA FUSION,0716103400460,0071610340046
DM 2/99 IRISH FUSION 30CT                         DM 2/99 IRISH FUSION 30CT,0716103400390,0071610340039
DM 2/99 HONEY FUSION 30CT                         DM 2/99 HONEY FUSION 30CT,0716104961010,0071610496101
DM 2/99 BARRY FUSION                              DM 2/99 BARRY FUSION,0716104967050,0071610496705
DM 2/1.49 SILVER DTCH BLD 30CT                    DM 2/1.49 SILVER DTCH BLD 30CT,DMS1490,0000000DMS149
DJARUM SELECT/MILD,0417146001260,0041714600126
DIXON CIG/F/TUBES RED 1CT,6851414290110,0685141429011
DIXON CIG F/TUBE GRN 100 200CT,6851414290660,0685141429066
DIRECTOR RED K/S,8411840000960,7841184000096
DIRECTOR RED 100,8411840001260,7841184000126
DIRECTOR GREEN K/S,8411840001190,7841184000119
DIRECTOR 100 GREEN BOX,8411840001400,7841184000140
DENTAL SCOTCH THRIFT 1CT,4216110,0000000421611
CUBERO # 7  25 CT,717370116520,0071737011652
CUBERO # 12 25 CT,717370116760,0071737011676
CUBERO  FOIL 5/5 WRAPE # 7,717370115530,0071737011553
CROWN APPEAL 100 RED 200CT,8536130030700,0853613003070
CROWN APPEAL 100 MENTH 200CT,8536130030940,0853613003094
CROWN APPEAL 100 LIGHT 200CT,8536130030870,0853613003087
COSMOPOLITAN TOB 250G,8472440017580,0847244001758
COSMO POWER 250G,8472440004540,0847244000454
CLIPPER DBLE APPLE 3FOR.99                        CLIPPER DBLE APPLE 3FOR.99,8126150076770,0812615007677
CLIPPER CIG WINE 3FOR.99                          CLIPPER CIG WINE 3FOR.99,8126150076390,0812615007639
CLIPPER CIG W/GRP 2FOR.69                         CLIPPER CIG W/GRP 2FOR.69,8126150078060,0812615007806
CLIPPER CIG SWEET 3FOR.99                         CLIPPER CIG SWEET 3FOR.99,8126150076220,0812615007622
CLIPPER CIG STRAW 2FOR.69                         CLIPPER CIG STRAW 2FOR.69,8126150076460,0812615007646
CLIPPER CIG PEACH 2FOR.69                         CLIPPER CIG PEACH 2FOR.69,8126150076600,0812615007660
CLIPPER CIG GRAPE 2FOR.69                         CLIPPER CIG GRAPE 2FOR.69,8126150076530,0812615007653
CLIPER STRAWBERRY 200CT,8126150055050,0812615005505
CLIPER PEACH 200CT,8126150055120,0812615005512
CLIPER LIGHT 100/200CT,8126150055500,0812615005550
CLIPER CHERRY  200CT,8126150055290,0812615005529
CHEROKEE RED F/F 100 BOX,6071222890010,0607122289001
CHEROKEE MENTHOL 100 BOX,6071222890320,0607122289032
CHEROKEE MEN BX,6071222891310,0607122289131
CHEECH & CHONG ROLLING KS 50CT,8126240200911,0812624020091
CHEECH & CHONG HEMP 50CT                          CHEECH & CHONG HEMP 50CT,8126240200771,0812624020077
CHEECH & CHONG 1 1/4 25CT,8126240200841,0812624020084
CARPENTERS CUT 6OZ SMOOTH,8126150035250,0812615003525
CARPENTERS CUT 6OZ REG,8126150035180,0812615003518
CARPENTERS CUT 6OZ COOLMINT,8126150035320,0812615003532
CARPENTERS CUT 16OZ SMOOTH,8126150035560,0812615003556
CARPENTERS CUT 16OZ REGULAR,8126150035490,0812615003549
CARPENTERS CUT 16OZ COOLMINT,8126150035630,0812615003563
CAPTAIN BLKMINI TIP CHERY 25CT,717370114920,0071737011492
CAPTAIN BLK MINI TIP VANLA25CT,717370115150,0071737011515
CAPTAIN BLK MINI TIP VANLA 5PK,717370113620,0071737011362
CAPTAIN BLK MINI TIP CHERY 5PK,717370113240,0071737011324
CAPTAIN BLK CIGAR GRAPE 25 CT,717370117820,0071737011782
CAPTAIN BLK CIGAR GRAP 10/3 PK,717370118740,0071737011874
CAPTAIN BLK CIG SWEET 10/3 PKS,717370118120,0071737011812
CAPTAIN BLK CIG CHERY 10/3 PKS,717370118430,0071737011843
CAPTAIN BLK BLACK 25CT,717370114780,0071737011478
CAPRI MNTHL INDIGO BX 100,272000116430,0027200011643
CALI PODS WATERMELON MINT 1CT,7455580918330,0745558091833
CALI PODS WATERMELON 1CT,7455580916420,0745558091642
CALI PODS STRAWBERRY MINT 1CT,7455588111100,0745558811110
CALI PODS STRAWBERRY 1CT,7455580917030,0745558091703
CALI PODS RUSSIAN CREAM 1CT,7455595939850,0745559593985
CALI PODS PINK LEMONADE 1CT,7455580919490,0745558091949
CALI PODS PINEAPPLE 1CT,7455580912220,0745558091222
CALI PODS ORANGE GUAVA 1CT,7455580919180,0745558091918
CALI PODS MIGHTY MINT 1CT,7455580918570,0745558091857
CALI PODS MANGO MINT 1CT,7455581094770,0745558109477
CALI PODS MANGO 1CT,7455586962740,0745558696274
CALI PODS KIWI GUAVA 1CT,7455590486760,0745559048676
CALI PODS GREEN APPLE 1CT,7455595119100,0745559511910
CALI PODS GRAPEFRUIT 1CT,7455586964100,0745558696410
CALI PODS GRAPE 1CT,7455586963970,0745558696397
CALI PODS CITRUS 1CT,7455586962670,0745558696267
BUZ PODS STRAWBRYKIWI 1CT,7681143367660,0768114336766
BUZ PODS STRAWBRYBANANA 1CT,7681143367970,0768114336797
BUZ PODS RASPBERYDRGNFRUIT 1CT,7681143368030,0768114336803
BUZ PODS PINACOLADA 1CT,7681143368100,0768114336810
BUZ PODS ORANGEPINEAPPLE 1CT,7681143368340,0768114336834
BUZ PODS LEMONBERRY 1CT,7681143367730,0768114336773
BUZ PODS CREAMYPEACH 1CT,7681143368270,0768114336827
BOOST VAPE 1CT - ALL FLAVORS,BOOST0,00000000BOOST
BOGEY CIG WINE GRAPE 30CT,7362116985820,0736211698582
BOGEY CIG WHITE GRAPE 30CT,7362116984830,0736211698483
BOGEY CIG STRAW CREAM 30CT,7362116983840,0736211698384
BOGEY CIG GREEN LF MNTHL 30CT,7362116982850,0736211698285
BOGEY CIG BLUBERRY 30CT,6107088839680,0610708883968
BOB MARLEY CONE 3PK K/S 33CT,8575450120221,0857545012022
BOB M CONES ORG KS 33/3PK,8575450120391,0857545012039
BOB M CONES ORG 1 1/4CT 33/6PK,8575450120151,0857545012015
BOB M CONES CL 1 1/4CT 33/6PK,8575450120081,0857545012008
BLUNT VILLE VANILLA 25CT,6890769355240,0689076935524
BLUNT VILLE PINK BERRY  25CT,949226034560,0094922603456
BLUNT VILLE GRAPE 25CT,949226034700,0094922603470
BLUNT VILLE BLUEBERRY 25CT,6890769364220,0689076936422
BLUNT EZ WRAPPER R/TOBACCO,8560640001451,0856064000145
BLUNT EZ WRAPPER MENTHOL 25CT,8560640001521,0856064000152
BLUEBERRY TOB 250G,8472440014510,0847244001451
BLUE MIST TOB 250 G,8472440014370,0847244001437
BLUE MIST E/CIG 1 CT,7137579333080,0713757933308
BLU TANK VIVID VANILLA HIGH,8879690050750,0887969005075
BLU STARTER KIT VARIETY 1 CT,8540550045710,0854055004571
BLU STARTER KIT MENTHOL 1CT,8540550043420,0854055004342
BLU STARTER KIT CLASSIC 1CT,8540550043350,0854055004335
BLU E-CIG VIVID VANILA 1CT,8879690052970,0887969005297
BLU E-CIG POLAR MINT 1CT,8879690072220,0887969007222
BLU E-CIG MENTHOL 1CT,8596540020030,0859654002003
BLU E-CIG CLASSIC 12 DISP,8596540025530,0859654002553
BLU E-CIG CAROLINA BOLD 5 DISP,8879690052800,0887969005280
BLU E/CIG CLASSIC 1CT,8596540020100,0859654002010
BLU  E-CIG CAROLINA BOLD 1CT,8879690052730,0887969005273
BLK& MLD CIG WINE 2/99C 30 CT                     BLK& MLD CIG WINE 2/99C 30 CT,701375106590,0070137510659
BLK & MLD WINE 69 CENTS                           BLK & MLD WINE 69 CENTS,0701378048570,0070137804857
BLK & MLD W/T WINE 4X25 100CT                     BLK & MLD W/T WINE 4X25 100CT,0701378270540,0070137827054
BLK & MLD SWEET 25CT,0701372103680,0070137210368
BLK & MLD REG. 3PK SPEC. OFFER                    BLK & MLD REG. 3PK SPEC. OFFER,0701378105510,0070137810551
BLK & MLD REG 69 CENTS                            BLK & MLD REG 69 CENTS,0701378047580,0070137804758
BLK & MLD REG 25X4 100CT                          BLK & MLD REG 25X4 100CT,0701378269580,0070137826958
BLK & MLD JAZZ .79 PT/WT 100CT                    BLK & MLD JAZZ .79 PT/WT 100CT,0701378097530,0070137809753
BLK & MLD FILTER CIG 10/7,701375106110,0070137510611
BILLIONAIRE WRAP SWEET 25CT,8575450087351,0857545008735
BILLIONAIRE WRAP RUS CRM 25CT,8575450087421,0857545008742
BILLIONAIRE WRAP PINK LEM 25CT,8575450087661,0857545008766
BILLIONAIRE WRAP OGK 25CT,8575450087281,0857545008728
BILLIONAIRE WRAP NATURAL 25CT,8575450087591,0857545008759
BILLIONAIRE WRAP MANGO 25CT,8575450087111,0857545008711
BILLIONAIRE WRAP GRAPE 25CT,8575450087041,0857545008704
BILLIONAIRE WRAP BLUEBERY 25CT,8575450087731,0857545008773
BILLION WRAPS 25/2CT WATERMELN,8575450094731,0857545009473
BILLION WRAPS 25/2CT ROSE,8575450094801,0857545009480
BILLION WRAPS 25/2CT PCH & CRM,8575450094591,0857545009459
BILLION WRAPS 25/2CT GOLD,8575450113151,0857545011315
BILLION WRAPS 25/2CT BLACK,8575450113081,0857545011308
BIDI PODS WILD RUSH,7215350129850,0721535012985
BIDI PODS VIRGINIA TOBACCO 1CT,7215350129160,0721535012916
BIDI PODS STRAWBERRY CREAM 1CT,7215350129540,0721535012954
BIDI PODS SOUR APPLE 1CT,7215350129300,0721535012930
BIDI PODS SMOOTH MENTHOL 1CT,7215350129230,0721535012923
BIDI PODS MINT FREEZE 1CT,7215350129920,0721535012992
BIDI PODS LUSH ICE 1CT,7215350129780,0721535012978
BIDI PODS ICE CUCUMBER 1CT,7215350129610,0721535012961
BIDI PODS FRUITY MANGO 1CT,7215350129090,0721535012909
BIDI DISPLAY W/100 STICKS,BIDI1000,000000BIDI100
APPU BIDI NATURAL 10/20CT,6890764946870,0689076494687
APPU BIDI MENTHOL 10PK,6890764950800,0689076495080
APPU BIDI 101 20/20CT CONE,6890764960870,0689076496087
ALLAY MTHL ELECTRIC CIG 1CT,6174013140960,0617401314096
ALLAY MTHL ELCT CIG RECHARG,2824110000710,0282411000071
ALLAY MILD ELECTRIC CIGARETTE,6174013141330,0617401314133
ALLAY MILD ELCT CIG RECHARG,2824110000880,0282411000088
ALLAY MILD ELCT CIG CARTOMIZER,2824110000950,0282411000095
ALLAY FF ELECTRIC CIGARETTE,6174013141190,0617401314119
AL-FAKHER COCKTAIL 10X50,2911007311690,6291100731169
AL FAKHER W/MELON  250GM,2911007326160,6291100732616
AL FAKHER VANILA 10X50,2911007312820,6291100731282
AL FAKHER TWO APPLES W/ MINT,2911007318930,6291100731893
AL FAKHER TWO APPLES 10 X 50,2911007310770,6291100731077
AL FAKHER S/BERRY 10X50,2911007311830,6291100731183
AL FAKHER S/BERRY  250GM,2911007325000,6291100732500
AL FAKHER ROSE 10X5GM,2911007312060,6291100731206
AL FAKHER PEACH 250GM,2911007329750,6291100732975
AL FAKHER PEACH 10X50GM,2911007328900,6291100732890
AL FAKHER MANGO 10X50,2911007311070,6291100731107
AL FAKHER LEMON W/MINT 10X50,2911007329130,6291100732913
AL FAKHER LEMON 10X50,2911007311450,6291100731145
AL FAKHER KIWI 10X50,2911007312750,6291100731275
AL FAKHER JASMINE 10X50,2911007311210,6291100731121
AL FAKHER GUM W/CINNAMON 10X50,2911007364780,6291100736478
AL FAKHER GUM MASTIC 10X50,2911007331560,6291100733156
AL FAKHER GUM FLAVOR 10X50,2911007312510,6291100731251
AL FAKHER GUAVA 250GM,2911007328210,6291100732821
AL FAKHER GRENADINE 10X50,2911007313120,6291100731312
AL FAKHER GRAPEFRUIT 10X50,2911007363310,6291100736331
AL FAKHER GRAPE W/ MINT 10X50,2911007329370,6291100732937
AL FAKHER GRAPE W/ BERRY 10X50,2911007317560,6291100731756
AL FAKHER COCONUT 10X50,2911007312130,6291100731213
AL FAKHER CITRUS W/ MINT 10X50,2911007363170,6291100736317
AL FAKHER CHOC W/ MINT 10X50,2911007364160,6291100736416
AL FAKHER CHERRY W/ MINT 10X50,2911007318000,6291100731800
AL FAKHER CHERRY 10X50,2911007310530,6291100731053
AL FAKHER CAFE LATTE 10X50,2911007337500,6291100733750
AL FAKHER CAFE LATTE 10X50,2911007337500,6291100733750
AL FAKHER BUBBLE GUM 10X50,2911007329060,6291100732906
AL FAKHER BANANA 10X50,2911007310910,6291100731091
AL FAKHER APRICOT 10X50,2911007310840,6291100731084
AL FAKHER 250GM ORANGE MINT,2911007318480,6291100731848
AL FAKHER 250GM CITRUS W/MINT,2911007332550,6291100733255
AL FAKHER 10X50GR ORGN/CREAM                      AL FAKHER 10X50GR ORGN/CREAM,2911007368430,6291100736843
AL FAKHER 10 X 50GM STRAW CREM,2911007367200,6291100736720
AL FAKHER 10 X 50GM MINT CREAM                    AL FAKHER 10 X 50GM MINT CREAM,2911007368050,6291100736805
AL FAKHER 10 X 50GM LEMON MINT                    AL FAKHER 10 X 50GM LEMON MINT,2911007373900,6291100737390
AL FAKHER 10 X 50GM ENG FLALOR,2911007305990,6291100730599
AL FAKHER 10 X 50GM COCONUT,2911081620020,6291108162002
AL FAKHER 10 X 50GM CAPPUCINO                     AL FAKHER 10 X 50GM CAPPUCINO,2911007311900,6291100731190
AL FAKHER 10 X 50GM BBERYMINT,2911007373380,6291100737338
AL FAKHER  W/MELON 10X50,2911007312990,6291100731299
AL FAKHER  TWO APPLES 250GM,2911007323950,6291100732395
AL FAKHER  ORANGE 250GM,2911007323330,6291100732333
AL FAKHER  ORANGE 10 X 50,2911007310150,6291100731015
AL FAKHER  MINT 250,2911007323570,6291100732357
AL FAKHER  MINT 10 X 50,2911007310390,6291100731039
AL FAKHER  MELON 10 X 50,2911007310460,6291100731046
AL FAKHER  GUAVA 10 X 50,2911007337360,6291100733736
AL FAKHER  GRAPE 250GM,2911007323400,6291100732340
AL FAKHER  GRAPE 10 X 50,2911007310220,6291100731022
AL FAKHER  CHERRY 250GM,2911007323710,6291100732371
AL FAKHER   MELON 250GM,2911007323640,6291100732364
AIRIS XL 1200 STRW BANANA 10CT,9721364542380,6972136454238
AIRIS XL 1200 STRBR WMLN 10CT,9721364541390,6972136454139
AIRIS XL 1200 PINEAPL ICE 10CT,9721364542760,6972136454276
AIRIS XL 1200 MELON ICE 10CT,9721364542210,6972136454221
AIRIS XL 1200 MANGO ICE 10CT,9721364542900,6972136454290
AIRIS XL 1200 LUSH ICE 10CT,9721364541910,6972136454191
AIRIS XL 1200 KIWI STRWBR 10CT,9721364541220,6972136454122
AIRIS XL 1200 COOL MINT 10CT,9721364541530,6972136454153
AIRIS XL 1200 BLUERAZ LEM 10CT,9721364555560,6972136455556
AIRIS XL 1200 BLUE RAZ 10CT,9721364541840,6972136454184
AIRIS XL 1200 BLUBERY ICE 10CT,9721364541770,6972136454177
AIRIS XL 1200 BANANA ICE 10CT,9721364541600,6972136454160
AIRIS MEGA 2000 STR YOGRT 10CT,9721364558220,6972136455822
AIRIS MEGA 2000 STR WMLN 10CT,9721364553340,6972136455334
AIRIS MEGA 2000 STR ICECRM 10C,9721364558150,6972136455815
AIRIS MEGA 2000 STR BANAN 10CT,9721364553100,6972136455310
AIRIS MEGA 2000 SR APL KIW 10C,9721364554020,6972136455402
AIRIS MEGA 2000 RED APL R 10CT,9721364558910,6972136455891
AIRIS MEGA 2000 PEACH ICE 10CT,9721364558840,6972136455884
AIRIS MEGA 2000 MIXED BRR 10CT,9721364559070,6972136455907
AIRIS MEGA 2000 LUSH ICE 10C,9721364552800,6972136455280
AIRIS MEGA 2000 GRAPE SODA 10C,9721364554190,6972136455419
AIRIS MEGA 2000 ENRGY DRN 10CT,9721364558460,6972136455846
AIRIS MEGA 2000 COOL MINT 10CT,9721364552970,6972136455297
AIRIS MEGA 2000 BUBBLE GUM 10C,9721364553960,6972136455396
AIRIS MEGA 2000 BLUBRY ICE 10C,9721364553030,6972136455303
AIRIS MEGA 2000 BANAN ICE 10CT,9721364552730,6972136455273
AIRIS MAX 1600 STRW WMLN 10CT,9721364557230,6972136455723
AIRIS MAX 1600 STRW MANGO 10CT,9721364556790,6972136455679
AIRIS MAX 1600 STRW BANA 10CT,9721364544740,6972136454474
AIRIS MAX 1600 PEACH ICE 10CT,9721364557090,6972136455709
AIRIS MAX 1600 MIXED BERR 10CT,9721364557160,6972136455716
AIRIS MAX 1600 LUSH ICE 10CT,9721364543990,6972136454399
AIRIS MAX 1600 GUMMY BEAR 10CT,9721364556550,6972136455655
AIRIS MAX 1600 GRAPE ICE 10CT,9721364544360,6972136454436
AIRIS MAX 1600 COOL MINT 10CT,9721364543510,6972136454351
AIRIS MAX 1600 COLA ICE 10CT,9721364544120,6972136454412
AIRIS MAX 1600 BLUBRY ICE 10CT,9721364556930,6972136455693
AIRIS MAX 1600 BLU RAZ LEM 10C,9721364556620,6972136455662
AIRIS MAX 1600 BANANA ICE 10CT,9721364556860,6972136455686
AIRIS MAX 1600 BANANA CUS 10CT,9721364544500,6972136454450
858765001264,8587650012640,0858765001264
