msa_customer_number,msa_shipping_number,msa_name,msa_address,msa_city,msa_state,msa_phone,pos_account_number,pos_name,match_type,confidence,matched_key,weeks_active
12466298,0,MIKE FOOD MART LLC,971 N HAIRSTON RD STE 1a,STONE MOUNTIAN,GA,,9012466298,MIKE FOOD MART LLC,account_key,high,12466298,4
12985964,0,CROWN DIDTRIBUTING LLC (TX),2861 CONGRESSMAN LN NUM 300,DALLAS,TX,,3212985964,CROWN DISTRIBUTING LLC (TX),account_key,high,12985964,3
16588290,0,FINE LINE INC,5510 MEMORIAL DR,STONE MOUNTAIN,GA,,2016588290,FINE LINE INC,account_key,high,16588290,5
20359410,0,SULTAN FAMILIES LLC,3965 ROCKBRODGE,STN MTN,GA,,7702035941,MK ASIAN MART,account_key,high,20359410,2
20393090,0,PEACHMART2772 LLC,2772 NORTHEAST EXPY NE,ATLANTA,GA,,5102039309,PEACHMART2772 LLC/ DEKALB CONVENIENCE,account_key,high,20393090,7
20779080,0,CONYERS 1801 LLC,1801 HWY 138,CONYERS,GA,,4702077908,CONYERS 1801 LLC,account_key,high,20779080,8
20910190,0,CLEVELAND 129 INC,5001 US 129,CLEVELAND,GA,,4702091019,CLEVELAND 129 INC,account_key,high,20910190,7
21056940,0,CRABBERRY LLC,12690 CRABAPPLE RD,MILTON,GA,,4702105694,CRABBERRY LLC / CRABAPPLE MARKET,account_key,high,21056940,6
22438100,0,SARKER DEY INTERNATIONAL INC,1340 MARTIN LUTHER KING JR DR,GREENSBORO,GA,,7622438100,MLK MARKET 1340 MARKET LLC,account_key,high,22438100,5
22760150,0,EXXON FOOD MART,4614 JIMMY CARTER BLVD,NORCROSS,GA,,8322760150,EXXON FOOD MART,account_key,high,22760150,1
23095095,0,LGL FOOD AND GAS,2265 BRANNEN ROAD SE,ATLANTA,GA,,5123095095,LGL FOOD AND GAS,account_key,high,23095095,2
23201390,0,ROHINGYA ASIAN LLC,"3965 ROCKBRODGE, STE E",STN MTN,GA,,4702320139,ROHINGYA ASIAN LLC,account_key,high,23201390,3
23346704,0,LUCKY GROCERY SHOP LLC,3665 FLAT SHOALS RD STE D,DECATUR,GA,,6023346704,LUCKY GROCERY SHOP LLC,account_key,high,23346704,3
24045770,0,MULU MART LLC,1265 LEE ST SW STE C,ATLANTA,GA,,4702404577,MULU MART LLC,account_key,high,24045770,5
24351130,0,VILLA RICA WHOLESALE INC,"451 W BANKHEAD HWY,STE 137",VILLA RICA,GA,,4702435113,VILLA RICA WHOLESALE INC,account_key,high,24351130,2
24357175,0,AAP MONTICELLO INC,552 FORSYTH ST,MONTICELLO,GA,,7624357175,AAP MONTICELLO INC.,account_key,high,24357175,8
24654290,0,OAKLAND CONVENIENCE INC,2339 LAWRENCEVILLE HWY,LAWRENCEVILL,GA,,4702465429,OAKLAND FOOD MART,account_key,high,24654290,8
25120050,0,2193 QM LLC,2193 PEACHTREE RD NE,ATLANTA,GA,,8325120050,2193 QM LLC,account_key,high,25120050,2
25235613,0,NIKI 1485 INC,1485 GA-19,GLENWOOD,GA,,9125235613,NIKI 1485 INC,account_key,high,25235613,7
25236660,0,DAVISHA N HIREN LLC,802 LOWER FAYETTEVILLE RD,NEWNAN,GA,,7702523666,NEWNAN LAKES BUSINESS INC,account_key,high,25236660,3
25262260,0,DON KING OF NEWNAN LLC,5 MCCULLUM STATION,NEWNAN,GA,,7702526226,DON KING OF NEWNAN LLC/NEWNAN FOOD MART,account_key,high,25262260,7
26733440,0,KHUSHI PROPERTIES LLC,1160 PANNELL RD MONROE,GA,GA,,7702673344,KHUSHI PROPERTIES LLC,account_key,high,26733440,1
26757870,0,GOLD PAK LLC,1135 E CHURCH ST,MONROE,GA,,7702675787,MONROE FOOD MART LLC/MARATHON FOOD MART,account_key,high,26757870,3
27056660,0,JAMIL INVESTMENTS INC,2595A LAWRENCEVILLE HWY,DECATUR,GA,,7702705666,JAMIL INVESTMENTS INC/S&N PACKAGE STORE,account_key,high,27056660,6
27821330,0,5883 FOODMART LLC,5883 HIGHWAY 85,RIVERDALE,GA,,4702782133,5883 FOODMART LLC,account_key,high,27821330,1
28079550,0,SHERU C STORE INC/BP GARDEN WALK,5780 RIVERDALE RD,COLLEGE PARK,GA,,7702807955,SHERU C STORE INC/BP GARDEN WALK,account_key,high,28079550,2
28887382,0,SMART FOOD MART 1,5724 BELLS FERRY RD,ACWORTH,GA,,8328887382,SMART FOOD MART 1,account_key,high,28887382,4
29421410,0,CHEVRON FOOD MART,4350 LAWRENCEVILLED RD,LOGANVILLE,GA,,4702942141,CHEVRON FOOD MART,account_key,high,29421410,4
29929020,0,BAA STARS LLC,1305 BROCKETT RD,CLARKSTON,GA,,4702992902,BAA STARS LLC,account_key,high,29929020,1
29981040,0,CHARANIYA CORPORATIONS 2 LLC,5150 ANNISTOWN RD,STONE MOUNTAIN,GA,,4702998104,CHARANIYA CORPORATIONS 2 LLC,account_key,high,29981040,6
30839880,0,RISHAN CONVENIENCE LLC,302 VETRANS MEMORIAL HIGHWAY SW SUITE 140,MABELTON,GA,,4703083988,NEIGHBORS FOOD MART LLC,account_key,high,30839880,1
32208090,0,DISCOUNT FOOD MART,1246 HIGHWAY 138 SW,RIVERDALE,GA,,4703220809,SBS 2022 INC,account_key,high,32208090,3
33591070,0,BSB ATHENS FOOD MART INC,3495 ATLANTA HWY STE A,ATHENS,GA,,7703359107,BSB ATHENS FOOD MART INC,account_key,high,33591070,1
33662143,0,LOGANVILLE EXTRAMILE INC,3688 HIGHWAY 81 STE A,LOGANVILLE,GA,,7133662143,LOGANVILLE EXTRAMILE INC,account_key,high,33662143,2
33662530,0,3798 BUFORD LLC/EXXON,3798 BUFORD DR STE A,BUFORD,GA,,7703366253,3798 BUFORD LLC/EXXON,account_key,high,33662530,2
33867810,0,NORTHSIDE BENZ OPS LLC,74 NORTHSIDE DR SW,ATLANTA,GA,,4703386781,NORTHSIDE BENZ OPS LLC,account_key,high,33867810,6
33902060,0,METRO ATLANTA WHOLESALES INC,1350 CAPITAL CIRCLE,LAWRENCEVILLE,GA,,7703390206,METRO ATLANTA WHOLESALES INC,account_key,high,33902060,1
33969230,0,LANKA FOOD CITY LLC,1131 N INDIAN CREEK DR,CLARKSTON,GA,,4703396923,LANKA FOOD CITY LLC,account_key,high,33969230,1
34255140,0,CHUN BIN KU,388 LUCKIE ST NW,ATLANTA,GA,,4703425514,LUCKIE STREET GROCERY,account_key,high,34255140,4
38006872,0,NASDAQQ300 LLLP,844 MARTIN LUTHER KING JR DR SW,ATLANTA,GA,,8038006872,NASDAQQ300 LLLP/ESSENTIAL MARKET,account_key,high,38006872,1
39368390,0,RS FUN & FILLING LLC,2164 SALEM ROAD SE,CONYERS,GA,,4703936839,RS FUN & FILLING LLC,account_key,high,39368390,4
39917520,0,MANIRATNA INC,4900 BUENA VISTA RD,COLUMBUS,GA,,4703991752,MANIRATNA INC,account_key,high,39917520,1
40581140,0,SEYAN SOUTH COBB INC,2711 S COBB DR SE,SMYRNA,GA,,7704058114,SEYAN SOUTH COBB INC,account_key,high,40581140,2
41349390,0,GLENWOOD CHEVRON LLC,4480 GLENWOOD RD,DECATUR,GA,,4704134939,GLENWOOD CHEVRON LLC,account_key,high,41349390,2
41852450,0,CITGO/ROCKBRIDE,4420 ROCKBRIDGE RD,ROCKBRIDGE,GA,,4704185245,CITGO/ROCKBRIDE,account_key,high,41852450,4
42281295,0,GRIVA ENTERPRISES LLC,2668-2670 GODBY ROAD RM ROOM,COLLEGE PARK,GA,,4042281295,GRIVA ENTERPRISES LLC,account_key,high,42281295,1
42283832,0,LEE PICK AND PAY INC,6142 OLD DIXIE HWY,FOREST PARK,GA,,4042283832,LEE PICK AND PAY INC,account_key,high,42283832,1
42287062,0,FIFI PKG/MENGHISTEAB,4848 MEMORIAL DR,STN MTN,GA,,4042287062,FIFI PKG/MENGHISTEAB,account_key,high,42287062,2
42360022,0,TRUSHA ROSWELL INC,5000 ROSEWELL ROAD,"SUITE C, ATLANTA",GA,,4042360022,TRUSHA ROSWELL INC,account_key,high,42360022,4
42379366,0,BROOKHEAVEN/CHEVRON FOOD MART,4234 PEACHTREE RD NE,ATLANTA,GA,,4042379366,PEACHTREE CHEVRON/BROOKHEAVEN,account_key,high,42379366,4
42412778,0,LUCKY#7 FOOD MART,3542 FLAT SHOLS RD,DECATUR,GA,,4042412778,LUCKY#7 FOOD MART,account_key,high,42412778,1
42416622,0,EMINENT RAJ INC,2701 CANDLER RD.,DECATUR,GA,,4042416622,SHELL CANDLER LLC/SHELL FOOD MART ,account_key,high,42416622,6
42431786,0,A&M TRADE INC/CHEVRON F M/GRA,3726 PANTHERSVILLE RD,DECATUR,GA,,4042431786,YOHANA INC/CHEVRON ,account_key,high,42431786,6
42437864,0,FLAT SHOALS NEIGHBORHOOD,3402 FLAT SHOALS RD,DECATUR,GA,,4042437864,"FLAT SHOALS NEIGHBORHOOD STORE,INC",account_key,high,42437864,7
42445493,0,DISCOUNT FOOD MARKET,886 BOULDERCREST DR,ATLANTA,GA,,4042445493,DISCOUNT FOOD MART/BOULDERCREST INC,account_key,high,42445493,6
42445980,0,TOP CLOUD 2,10339 TARA BLVD,JONESBORO,GA,,4704244598,"TOP CLOUD 2/RAHEEN ENTERPRISE, INC",account_key,high,42445980,3
42449642,0,FARMM PACKAGE STORE,2594 CANDLER ROAD,DECATUR,GA,,4042449642,FARMM PACKAGE STORE LLC/BIG MAN PACKAGE,account_key,high,42449642,1
42457686,0,PAYLESS WAREHOUSE INC,2409 EAST SOUTH BLVD,MONTGOMERY,AL,,3342457686,PAYLESS WAREHOUSE INC,account_key,high,42457686,1
42499311,0,INSHA INVEST NORTH AVE FD MT,"605 BOULEVARD NE, BLDG A",ATLANTA,GA,,4042499311,INSHA INVEST NORTH AVE FD MT ,account_key,high,42499311,6
42541078,0,RONALD FOOD MARKET LLC,1576 JOSEPH E BOONE BLVD,ATLANTA,GA,,4042541078,RONALD FOOD MARKET LLC,account_key,high,42541078,2
42545801,0,MEMORIAL FOOD MART LLC,4959 MEMORIAL DR # A5,STM MTN,GA,,4042545801,MEMORIAL FOOD MART LLC,account_key,high,42545801,4
42570245,0,NORCROSS TOBACCO & VAPE INC,6050 SINGLETON RD STE 208,NORCROSS,GA,,9542570245,NORCROSS TOBACCO & VAPE INC,account_key,high,42570245,4
42665130,0,CANTON FOOD MART USA,3190 CANTON RD,MARIETTA,GA,,7704266513,CANTON FOOD MART USA,account_key,high,42665130,2
42713900,0,T & T USA INC/STOP & SAVE,4601 SATELLITE BLVD STE 8,DULUTH,GA,,4042713900,SONNI GAS VENTURE LLC,account_key,high,42713900,3
42714678,0,CITGO QUICK SERVICES,200 UPPER RIVERDALE RD,JONESBORO,GA,,4042714678,SEANS COUNTRY STOP,account_key,high,42714678,8
42723742,0,GREENSBORO FIRST LLC,4160 VEAZEY RD,GREENSBORO,GA,,4042723742,GREENSBORO FIRST LLC,account_key,high,42723742,5
42733660,0,SJB INC./CITGO FOOD MART,1175 POWDER SPRING,MARIETTA,GA,,7704273366,1175 CHEVRON MINI MART LLC,account_key,high,42733660,5
42847400,0,ADOMYA INC L & B LOTTO GROCERY,4085 GLENNWOOD ROAD,DECATUR,GA,,4042847400,ADOMYA INC L & B LOTTO GROCERY,account_key,high,42847400,6
42847879,0,CANDLER MART PETRO INC,2075 CANDLER RD,DECATUR,GA,,4042847879,CANDLER SHELL MART ,account_key,high,42847879,7
42860712,0,DEES LIQUOR STORE,2007 CANDLER RD STE A,DECATUR,GA,,4042860712,DEES LIQUOR STORE,account_key,high,42860712,8
42862286,0,CHEVRON FOOD MART/SHAMANTA INC,2450 CANDLER RD,DECATUR,GA,,4042862286,CHEVRON FOOD MART/SHAMANTA INC,account_key,high,42862286,7
42880344,0,KASHMIR INC/CHEVRON FOOD MART,3557 MEMORIAL DR,DECATUR,GA,,4042880344,CHEVRON MEMORIAL LLC,account_key,high,42880344,4
42922403,0,SHELL AT MEMORIAL DRIVE,4837 MEMORIAL DRIVE,STONE MTN,GA,,4042922403,SHELL AT MEMORIAL DRIVE,account_key,high,42922403,4
42922594,0,1 GEORGIA WHOLESALE,2935 NORTH DECATUR RD,DECATUR,GA,0.0,4042922594,GEORGIA WHOLESALE,account_key,high,42922594,2
42923231,0,HWY 53 ENTERPRISES LLC,AMOCO FOOD MART 3384 EAST PONCE DE LEON AVE,SCOTTDALE,GA,,4042923231,SCOTTDALE LLC,account_key,high,42923231,2
42924005,0,MEMORIAL EXPRESS EXXON,4101 MEMORIAL DR,DECATUR,GA,,4042924005,BSB MEMORIAL FOOD MART INC,account_key,high,42924005,8
42928518,0,ELIAS INVESTMENTS INC/BIG JOHN,5345 MEMORIAL DR  BIG JOHNS PACKAGE,STN MTN,GA,,4042928518,ELIAS INVESTMENTS INC/BIG JOHN,account_key,high,42928518,7
42963430,0,A ONE ASIAN MARKET /DAW YIN,926 MONTREAL RD STE 10,CLARKSTON,GA,,4042963430,A ONE ASIAN MARKET /DAW YIN,account_key,high,42963430,3
42983322,0,PANI INVESTMENT LLC,3874 E PONCE DE LEON AVE,CLARKSTON,GA,,4042983322,PANI INVESTMENT LLC,account_key,high,42983322,2
42998926,0,ARCADE INTERNATIONAL INC,4463 ROCKBRIDGE ROAD,STONE MOUNTAIN,GA,,4042998926,HAPPY'S PACKAGE STORE,account_key,high,42998926,1
42999739,0,ANIL INVESTMENT LLC CITGO FM/S,3580 NORTH DECATUR RD,SCOTTDALE,GA,,4042999739,ASHKAN GROUP INC/TEXACO,account_key,high,42999739,5
43037460,0,5005 SNAPFINGER MART INC,"5005 SNAPFINGER WOODS DR, STE D",DECATUR,GA,,4704303746,5005 SNAPFINGER MART INC/FOOD MART D,account_key,high,43037460,4
43266796,0,EXPRESSO FOOD AND GAS INC,3484 CHAMBLEE TUCKER RD,CHAMBLEE,GA,,4043266796,EXPRESSO FOOD AND GAS INC,account_key,high,43266796,1
43430083,0,SHASEE PRIME LLC,1420 CUSTER AVE SE,ATLANTA,GA,,4043430083,SHASEE PRIME LLC/ CUSTER FOOD MART,account_key,high,43430083,6
43430707,0,PONCE MANDIR LLC,1161 PONCE DE LEON AVE NE,ATLANTA,GA,,4043430707,"JENA INVESTMENTS, INC. EXXON FOOD MART",account_key,high,43430707,7
43431642,0,MM PRIME 1771 INC,1771 CENTRA VILLA DR SW,ATLANTA,GA,,4043431642,MM PRIME 1771 INC,account_key,high,43431642,6
43433954,0,INTERNATIONAL GROCERY MARKET LLC,953 MONTREAL RD,CLARKSTON,GA,,4043433954,INTERNATIONAL GROCERY MARKET LLC,account_key,high,43433954,1
43612541,0,HALLA INVESTMENT LLC,3097 MORELAND AVE,CONLEY,GA,,4043612541,KINOS INV LLC / CITGO,account_key,high,43612541,4
43619222,0,TRUSHA BUSINESS INC/BP,5210 HIGHWAY 42,ELLENWOOD,GA,,4043619222,TRUSHA BUSINESS INC/BP,account_key,high,43619222,1
43620744,0,NYSAH ENTERPRISES LLC,4926 OLD DIXIE HWY,FOREST PARK,GA,,4043620744,NYSAH ENTERPRISES LLC/SHELL FOODMART,account_key,high,43620744,8
43631470,0,GANDHI WHOLESALE/TRIDENT WHLS,103 FOREST PKWY STE A,FOREST PARK,GA,,4043631470,GANDHI WHOLESALE/TRIDENT WHLS ,account_key,high,43631470,1
43633593,0,ANVIL BLOCK EXXON/ARA,2360 ANVIL BLOCK RD,ELLENWOOD,GA,,4043633593,EXXON FOOD MART,account_key,high,43633593,3
43666162,0,HAHYO INVESTMENT LLC,3100 MORELAND AVE,CONLEY,GA,,4043666162,MOSO INV LLC / CHEVRON,account_key,high,43666162,2
43700396,0,GENENE HELEN INC,1621 MEMORIAL DR SE,ATLANTA,GA,,4043700396,GENENE HELEN INC,account_key,high,43700396,3
43714443,0,AVONDALE ENTERPRISES LLC/ CHEVRO,2767 EAST COLLEGE AVE,DECATUR,GA,,4043714443,AVONDALE ENTERPRISES LLC/ CHEVRON,account_key,high,43714443,8
43730900,0,KALGI INC,1932 HOSEA L WILLIAMS DR NE,ATLANTA,GA,,4043730900,KALGI INC,account_key,high,43730900,2
43775405,0,DEVKI LAXMI LLC,600 W HOWARD AVE,DECATUR,GA,,4043775405,DEVKI LAXMI LLC,account_key,high,43775405,6
43890368,0,QUICK SERVE SUNCOAST DBA,5675 MEMORIAL DR,STONE MOUNTAIN,GA,,4043890368,QUICK SERVE,account_key,high,43890368,2
43895259,0,BP 5018 LLC,5018 PEACHTREE BLVD,CHAMBLEE,GA,,4043895259,PEACHTREE 5018 LLC,account_key,high,43895259,7
44192430,0,COVINGTON FOOD MART,9123 HIGHWAY 278 E,COVINGTON,GA,,4704419243,COVINGTON FOOD MART/SAIF FAMILY LLC,account_key,high,44192430,6
44371429,0,CHEVRON FOOD MART,2889 CHAMBLEE TUCKER RD,ATLANTA,GA,,4044371429,CHEVRON FOOD MART/ 2889 CHEVRON LLC,account_key,high,44371429,3
44472437,0,SELLEME,1046 HOLCOMBE RD STE 300,DECATUR,GA,,4044472437,SELLEME,account_key,high,44472437,8
44536184,0,JOSEPH INTERNATIONAL CORPORATION,1218 JOSEPH E BOONE BLVD NW,ATLANTA,GA,,4044536184,BSS INTERNATIONAL INC,account_key,high,44536184,4
44686316,0,SMART FOOD MART 3,2139 MAIN ST,EAST POINT,GA,,4044686316,SMART FOOD MART 3 /CHARANIYA FOODS LLC,account_key,high,44686316,6
44719963,0,DRUID HILLS MANAGEMENT,3875 NORTH DRUID HILLS RD,DECATUR,GA,,4044719963,DILSAM INC,account_key,high,44719963,3
44723784,0,PLAN B WHOLESALE,4507 MILLS PL SW,ATLANTA,GA,,4044723784,PLAN B WHOLESALE,account_key,high,44723784,2
44772955,0,BISWAS GROCERY & CAFE,2853 BUFORD HWY NE,BROOKHAVEN,GA,,4044772955,BISWAS GROCERY & CAFE,account_key,high,44772955,2
44848160,0,ALL WORLD DISCOUNT,832 HAMBRICK RD,STONE MOUNTAIN,GA,,4044848160,ALL WORLD DISCOUNT,account_key,high,44848160,4
44901040,0,ALBANY INVESTMENT 2317 LLC,707 W  HIGHLAND AVE,ALBANY,GA,,4704490104,ALBANY INVESTMENT 2317 LLC,account_key,high,44901040,1
44997480,0,NEIGHBORHOOD MART,612 ROCKBRIDGE RD SW,LILBURN,GA,,4704499748,EXPRESS POINT 612 INC,account_key,high,44997480,5
45002625,0,MEHARI SONS LLC,3923 GLENWOOD RD,DECATUR,GA,,4045002625,MEHARI SONS LLC/ DISCOUNT FOOD MART,account_key,high,45002625,3
45003237,0,SWAD BUSINESS INC.,3843 JONESBORO ROAD SE,ATLANTA,GA,,4045003237,SWAD BUSINESS INC.,account_key,high,45003237,2
45005296,0,TM MART / T-MICHAEL MART LLC,"887 N INDIAN CREEK DR, STE C",CLARKSTON,GA,,4045005296,TM MART / T-MICHAEL MART LLC,account_key,high,45005296,1
45010243,0,CLARKSTON FOOD MART,927 N INDIAN CREEK DRIVE,CLARKSTON,GA,,4045010243,YAA INVESTMENT LLC,account_key,high,45010243,6
45083030,0,GEORGIA OIL LLC/ BP REDAN,4794 REDAN ROAD,STONE MOUNTAIN,GA,,4045083030,REDAN BP INC,account_key,high,45083030,8
45088330,0,JUMBO PACKAGE STORE,"4071 REDAN RD, BLDG 4071",STONE MOUNTAIN,GA,,4045088330,JUMBO PACKAGE STORE,account_key,high,45088330,1
45097899,0,NURUL ENTERPRISE LLC,3259 BUFORD HWY,BROOKHEAVEN,GA,,4045097899,NURUL ENTERPRISE LLC,account_key,high,45097899,8
45122177,0,RAINA 210 INC/CHEVRON,514 HARDEEC STREET,DALLAS,GA,,4045122177,RAINA 210 INC/CHEVRON ,account_key,high,45122177,6
45132812,0,EAGLE MAGIC FOOD STORE,"2601 DEANS BRIDGE RD, STE A",AUGUSTA,GA,,4045132812,EAGLE MAGIC FOOD STORE/2601 MARKET LLC,account_key,high,45132812,1
45240442,0,PEACHMART,15 ANDREW YOUNG INTERNATIONAL BLVD,ATLANTA,GA,,4045240442,PEACHMART/DIAMOND BROS USA INC,account_key,high,45240442,8
45279680,0,THB BUFORD LLC,5425 BUFORD HWY NE,DORAVILLE,GA,,7704527968,THB BUFORD LLC,account_key,high,45279680,1
45475694,0,AAYYAN INVESTMENTS LLC,2394 BEAVER RUIN RD,NORCROSS,GA,,4045475694,AAYYAN INVESTMENTS LLC,account_key,high,45475694,1
45493971,0,RR BD CORPORATION,12 ATLANTA  AVE SW,ATLANTA,GA,,4045493971,BANGLADESH 2025 INC/DISCOUNT FOOD MART ,account_key,high,45493971,8
45498097,0,NOAH FOOD MART,2510 GRESHAM RD SE,ATLANTA,GA,,4045498097,NOAH FOOD MART,account_key,high,45498097,1
45534181,0,SHAGUFTA INVETSMENTS LLC,835 PACIFIC AVE,BREMEN,GA,,4045534181,SHAGUFTA INVETSMENTS LLC/PACIFIC AVENUE FOOD MART,account_key,high,45534181,4
45534794,0,5 STAR FOOD MART LLC/ FOOD MART,205 S CARROLL RD,VILLA RICA,GA,,4045534794,5 STAR FOOD MART LLC/ FOOD MART,account_key,high,45534794,3
45541348,0,KHOWAJA INC/SHELL FOOD MART,2995 N DRUID DILLS RD NE,ATLANTA,GA,,4045541348,ALYSINAN INVESTMENT LLC,account_key,high,45541348,7
45631045,0,DOLLAR PLUS INVESTMENT INC,2677 MCAFEE RD,DECATUR,GA,,4045631045,DOLLAR PLUS INVESTMENT INC,account_key,high,45631045,7
45650327,0,SAHYOGI FOOD & MEAT INC,2521 DONALD LEE HOLLOWELL PKWY NW,ATLANTA,GA,,4045650327,SAHYOG 1 FOOD & MEAT INC,account_key,high,45650327,1
45651387,0,RAUNAK INVESTMENT LLC,1050 HOLCAMBE RD,DECATUR,GA,,4045651387,RAUNAK INVESTMENT LLC,account_key,high,45651387,2
45651453,0,DONNELLY FOOD MART/MAHIMOU LLC,1294 DONNELLY AVE SW,ATLANTA,GA,,4045651453,DONNELLY FOOD MART/MAHIMOU LLC,account_key,high,45651453,7
45652751,0,ANSR ENTERPRISE INC,2320 CHESIR BRIDGE RD NE,ATLANTA,GA,,4045652751,ANSR ENTERPRISE INC,account_key,high,45652751,5
45739714,0,DAILY FOOD MART INC,2355 SCENIC HWY S,SNELLVILLE,GA,,4045739714,DAILY FOOD MART INC,account_key,high,45739714,1
45746099,0,MLK FOOD MART,2636 MARTIN LUTHER KING JR DR,FULTON,GA,,4045746099,MLK FOOD MART,account_key,high,45746099,7
45845155,0,INTOWN MARKET ATLANTA LLC,1176 MEMORIAL DR SE,ATLANTA,GA,,4045845155,INTOWN MARKET ATLANTA LLC ,account_key,high,45845155,3
45966160,0,157 COMMERCE DRIVE LLC,157 COMMERCE DR,VILLA RICA,GA,,7704596616,157 COMMERCE DRIVE LLC,account_key,high,45966160,5
46050830,0,MARATHON FOOD MART,535 NORTH GLYNN STREET,FAYETTEL,GA,,7704605083,SEEMA INVESTMENT INC/MARATHON FOOD MART,account_key,high,46050830,1
46089059,0,ELLENWOOD CHEVRON INC,5195 HIGHWAY 42,ELLENWOOD,GA,,4046089059,ELLENWOOD CHEVRON INC,account_key,high,46089059,8
46102788,0,YOHANNA INVESTMENT LLC,3550 MARTIN L KING JR DR SW,SNELLVILLE,GA,,4046102788,YOHANNA INVESTMENT LLC,account_key,high,46102788,2
46223888,0,WYZOS TOBACCO AND ACCESSORIES,465 BOULEVARD SE STE 105A,ATLANTA,GA,,4046223888,WYZOS TOBACCO AND ACCESSORIES,account_key,high,46223888,5
46258179,0,FAMILY CHOICE BUSINESS INC,2645 WESLY CHAPEL RD,DECATUR,GA,,4046258179,FAMILY CHOICE BUSINESS INC,account_key,high,46258179,2
46290360,0,CAMPBELTON INC/CHEVRON FOOD MART,4485 CAMBELTON RD STE B,ATLANTA,GA,,4046290360,CAMBELLTON CHEVRON LLC,account_key,high,46290360,8
46338190,0,METRO II FOOD & GAS,1925 MASONMILL RD,DECATUR,GA,,4046338190,METRO II FOOD & GAS,account_key,high,46338190,6
46342476,0,SR LIQUOR INC,3815 N DRUID HILLS RD,DECATUR,GA,,4046342476,DIAMOND DRAMS,account_key,high,46342476,2
46349942,0,ANIL INVESTMENT LLC/CITGO/K,1701 SCOTT BLVD,DECATUR,GA,,4046349942,ANIL INVESTMENT LLC/CITGO/K,account_key,high,46349942,8
46351399,0,ANS THREE D INC CHEVRN FM,1401 MORELAND AVE SE STE A,ATLANTA,GA,,4046351399,ANS THREE D INC/CHEVRON FOOD MART,account_key,high,46351399,1
46411307,0,PAVO 233 INC,233 HARRIS ST,PAVO,GA,,4046411307,PAVO 233 INC,account_key,high,46411307,4
46414978,0,ARN ENTERPRISES LLC,1996 CORINTH RD,NEWMAN,GA,,4046414978,ARN ENTERPRISES LLC,account_key,high,46414978,2
46529920,0,MINT TRADER INC BEST FOOD MART,4666 JONESBORO RD,FOREST PARK,GA,,4046529920,MARS CHEVRON,account_key,high,46529920,4
46549650,0,ISHAAN GROUP INC.,410 S STONE MOUNTAIN  LITHONIA RD,STONE MOUNTAIN,GA,,7704654965,ISHAAN GROUP INC.,account_key,high,46549650,7
46702220,0,ZETELLAZ LLC,4319 NEWNAN RD,GRIFFIN,GA,,7704670222,ZETELLAZ LLC,account_key,high,46702220,2
46853722,0,CHAPPELL ROAD INC,575 CHAPPELL RD NW,ATLANTA,GA,,4046853722,CHAPPELL ROAD INC,account_key,high,46853722,2
46858372,0,MIDTOWN FOOD MARKET,225 10TH ST NE,ATLANTA,GA,,4046858372,MIDTOWN MARKET 225 INC,account_key,high,46858372,2
46868000,0,6470 BMA MANAGEMENT LLC,6470 COVINTON HIGHWAY,LITHONIA,GA,,7704686800,6470 BMA MANAGEMENT LLC,account_key,high,46868000,3
46880918,0,LADHANI INC/SHELL,356 MORELAND AVE,ATLANTA,GA,,4046880918,A & S CONVENIENCE LLC,account_key,high,46880918,3
46946270,0,WELCOME FOODS PANOLA,1241 PANOLA RD,STONE MOUNTAIN,GA,,7704694627,WELCOME FOODS PANOLA,account_key,high,46946270,4
46968050,0,MAGIC TRUCK STOP,4590 FULTON INDUSTRIAL BLVD SW,ATLANTA,GA,,4046968050,MAGIC PRIME LLC/TRUCK STOP,account_key,high,46968050,4
47168973,0,AAP EATONTON INC,204 E SUMTER ST,EATONTON,GA,,7064856425,BHOLA INC SHELL EXPRESS,customer_to_phone_key,medium,47168973,1
47168976,0,GREENSBORO EXTRAMILE LLC,2204 S MAIN ST,GREENSBORO,GA,,4047168976,GREENSBORO EXTRAMILE LLC,account_key,high,47168976,6
47230379,0,SAN MARCOS SUPERMERCADO,532 GRAYSON HWY STE G,LAWRENCEVILLE,GA,,2547230379,SAN MARCOS SUPERMERCADO,account_key,high,47230379,1
47371770,0,JONESBORO FOOD & GAS LLC,2775 MOUNT ZION PKWY,JONESBORO,GA,,7704737177,MT ZION 2775 LLC,account_key,high,47371770,1
47410840,0,REX USA INC/CHEVRON,6448 HIGHWAY 42,REX,GA,,7704741084,REX C STORE/REX STORE INC,account_key,high,47410840,8
47439820,0,KORNER STORE BP,155 EAST ATLANTA RD,STOCKBRIDGE,GA,,7704743982,KORNER STORE BP,account_key,high,47439820,4
47481296,0,TEXACO GILLANI VENTURES,4544 GLENWOOD ROAD,DECATUR,GA,,4047481296,TEXACO GILLANI VENTURES LLC 3,account_key,high,47481296,2
47518388,0,420 FAIRVIEW INC/ BP FOODMART,420 FAIRVIEW RD,STOCKBRIDGDE,GA,,4047518388,420 FAIRVIEW INC/ BP FOODMART,account_key,high,47518388,2
47518838,0,420 FAIRVIEW INC,420 FAIRVIEW RD,STOCKBRIDGDE,GA,,4047518838,2944 QM LLC,account_key,high,47518838,4
47531714,0,CASCADE CHEVRON USA,1072 CASCADE RD SW,ATLANTA,GA,,4047531714,CASCADE FOOD MART / ANMOL ENT. USA INC.,account_key,high,47531714,2
47532006,0,BEST FOOD MART,2200 CAMPBELLTON RD SW STE A-B,ATLANTA,GA,,4047532006,BEST FOOD MART,account_key,high,47532006,7
47550274,0,ARMAN FOOD MART LLC,1469 CAMPBELLTON RD SW STE B,ATLANTA,GA,,4047550274,MARATON FOOD MART,account_key,high,47550274,3
47556300,0,"BANGLA UNITED,LLC",1163 METROPOLITAN PKWY SW,ATLANTA,GA,,4047556300,MIDWAY EXXON INC ,account_key,high,47556300,8
47562977,0,YASMAGY LLC,3445 COVINGTON DR,DECATUR,GA,,7047562977,YASMAGY LLC,account_key,high,47562977,7
47577470,0,TOP SHELF LIQUORS/BLW ENTS INC,12872 HIGHWAY 9 N STE 150,ALPHARETA,GA,,7704757747,TOP SHELF LIQUORS/BLW ENTS INC,account_key,high,47577470,2
47582529,0,LI PACKAGE STORE,1061 LEE STREET SW,ATLANTA,GA,,4047582529 ,LI PACKAGE STORE ,account_key,high,47582529,7
47583221,0,SPEEDZONE SHELL,1720 MLK JR DR,ATLANTA,GA,,4047583221,SPEEDZONE SHELL,account_key,high,47583221,6
47614700,0,FUEL MART LLC/CHEVRON FOOD MART,1337 VIRGINIA AVE,EAST POINT,GA,,4047614700,FUEL MART LLC/CHEVRON FOOD MART,account_key,high,47614700,2
47621861,0,1270 AMOCO LLC,1270 CLEVELAND AVE,EAST POINT,GA,,4047621861,1270 AMOCO LLC,account_key,high,47621861,1
47658435,0,MAIN STREET CHEVRON,3537 MAIN ST,COLLEGE PARK,GA,,4047658435,3537 MAIN STREET GROUP INC,account_key,high,47658435,3
47676228,0,CHEVRON FOOD MART,2407 RIVERDALE RD,COLLEGE PARK,GA,,4047676228,CHEVRON FOOD MART/SNM CORPORATION INC,account_key,high,47676228,1
47860232,0,PETROKART LLC,5636 FULTON INDUSTRIAL BLVD SW,ATLANTA,GA,,4047860232,PETROKART LLC,account_key,high,47860232,3
47861176,0,EXPRESS,608 DEKALB INDUSTRIAL WAY,DECATUR,GA,,4047861176,SMT DISTRIBUTORS INC,account_key,high,47861176,3
47862055,0,PETRO MAX LLC,575 ERNEST BARETT PARKWAY,KENNESAW,GA,,4047862055,PETRO MAX LLC,account_key,high,47862055,2
47862238,0,ZAIN A LLC/SIDE DOOR LIQUOR,1579 W MCINTOSH RD,GRIFFIN,GA,,4047862238,ZAIN A LLC/SIDE DOOR LIQUOR,account_key,high,47862238,3
47927228,0,RIGHT STUFF FOOD MART,2656 DONALD LEE HOLLOWELL PKWY NW,ATLANTA,GA,,4047927228,TASNOVA LLC/ CHEVRON FOOD MART,account_key,high,47927228,5
47946236,0,BIMS LIQUOR LLC,1015 W MARIETTA ST NW,ATLANTA,GA,,4047946236,BIMS LIQUOR LLC,account_key,high,47946236,2
47999069,0,ASHKAN INC/WESTLAKE FD MRT,1677 DONALD LEE HOLLOWELL PKWY,ATLANTA,GA,,4047999069,WESTLAKE FOOD MART,account_key,high,47999069,1
48035230,0,VIHAAN 27 LLC,2102 CANDLER RD,DECATUR,GA,,4048035230,VIHAAN 27 LLC,account_key,high,48035230,3
48202741,0,BUFORD STORE INC,3416 BUFORD HWY NE,BROOKHAVEN,GA,,4048202741,BUFORD 3416 LLC,account_key,high,48202741,2
48393890,0,"A-SQUARE C. STORE, INC",1776 HIGHWAY 138 E,CONYERS,GA,,7704839389,CHEVRON STATION # 767,account_key,high,48393890,1
48395339,0,PATRIOT PARTY STORE,6105 HIGHWAY 155 N,STOCKBRIDGE,GA,,4048395339,PATRIOT PARTY STORE,account_key,high,48395339,8
48454010,0,ROCK CHAPEL FOOD & GAS LLC shell,1898 ROCK CHAPEL ROAD,LITHONIA,GA,,7704845401,SHENAZ INVESTMENT INC,account_key,high,48454010,2
48555190,0,SIERRA ENTERPRISE INC,1290 VETERANS HWY,MABELTON,GA,,7704855519,SIERRA ENTERPRISE INC,account_key,high,48555190,5
48555201,0,GRANT PARK MARKET LLC,519 MEMORIAL DRIVE STE 4,ATLANTA,GA,,4048555201,GRANT PARK MARKET LLC,account_key,high,48555201,1
48637703,0,DOLLAR AND CONVENIENCE STORE,2790 NORTHEAST EXPRESS WAY,ATLANTA,GA,,4048637703,DOLLAR AND CONVENIENCE STORE,account_key,high,48637703,3
48723717,0,INDORE C STORE MART/CHEVRON,1025 N HIGHLAND AVE NE,ATLANTA,GA,,4048723717,INDORE C STORE MART/CHEVRON,account_key,high,48723717,3
48733547,0,BOULEVARD CONVENIENCE INC,356 BOULEVARD NE,ATLANTA,GA,,4048733547,BOULEVARD CONVENIENCE INC,account_key,high,48733547,8
48747875,0,PETROZONE LLC/10TH ST CHEVRON,970 SPRING STREET NW,ATLANTA,GA,,4048747875,SPRINGS STREET CHEVRON/PETROZONE,account_key,high,48747875,2
48760576,0,BIGHIT BJ LLC,785 ARGONNE AVE NE,ATLANTA,GA,,4048760576,BIGHIT BJ LLC/L&M SERVICE MARKET,account_key,high,48760576,1
48833142,0,BROADWAY 786 CHEVRON,1860 MEMORIAL DR SE,ATLANTA,GA,,4048833142,BROADWAY 786 CHEVRON,account_key,high,48833142,6
48851682,0,BOULEVARD LOTTO & GROCERY,371 BOULEVARD NE,ATLANTA,GA,,4048851682,BOULEVARD LOTTO & GROCERY,account_key,high,48851682,3
48987860,0,1 ANDYS WHOLESALE INC,5955 STEWARTS PKWY,DOUGLASVILLE,GA,0.0,7704898786,ANDYS WHOLESALE INC,account_key,high,48987860,2
49182800,0,HIRAM FOOD MART,3606 ATLANTA HWY,HIRAM,GA,,4049182800,HIRAM FOOD MART,account_key,high,49182800,7
49200010,0,SYED HUSSAIN,"COOLEDGE RD CHEVERON, 1531 COOLEDGE RD",Tucker,GA,,7704920001,CHEVRON FOOD MART,account_key,high,49200010,7
49291965,0,SWIFT STOP INC,2077 N DECATUR RD,DECATUR,GA,,4049291965,PETRO MART LLC/CHEVRON FOOD MART,account_key,high,49291965,1
49299100,0,A MUSTAFA INC./PHILLIPS  66,2929 LAWRENCEVILLE HWY,TUCKER,GA,,7704929910,A MUSTAFA INC./PHILLIPS  66,account_key,high,49299100,8
49315122,0,SUNNYSIDE COUNTRY STORE,3108 CREST HWY,THOMASTAN,GA,,4049315122,SUNNYSIDE COUNTRY STORE,account_key,high,49315122,1
49352145,0,101 DISTRIBUTORS GA LLC,4721 LEWIS ROAD,STONE MOUNTAIN,GA,,4049352145,101 DISTRIBUTORS GA LLC,account_key,high,49352145,2
49368787,0,MSK 24/7 CORPORATION,2223 CANDLER RD,DECATUR,GA,,4049368787,MSK 24/7 CORPORATION,account_key,high,49368787,4
49374400,0,FARZEEN ENTERPRISES INC,3988 LAWRENCVILLE HWY,TUCKER,GA,,7704937440,FARZEEN ENTERPRISES INC/D/B/A MILK JUG,account_key,high,49374400,4
49487394,0,FEROZ BARDAI,"2588 DECATUR VILLAGE DR,APT 1317",DECATUR,GA,,4049487394,FEROZ BARDAI,account_key,high,49487394,1
49608883,0,MD STORE LLC,812 RALPHDAVID ABERNATHY BLVD SW,ATLANTA,GA,,4049608883,MD STORE LLC,account_key,high,49608883,6
49632840,0,LAKEWOOD FOOD MART,184 MCDONOUGH BLVD SE,ATLANTA,GA,,4049632840,LAKEWOOD FOOD MART,account_key,high,49632840,1
49635005,0,STOP & SAVE GROUP LLC,935 N INDIAN CREEK DR,CLARKSTON,GA,,4049635005,STOP & SAVE GROUP LLC,account_key,high,49635005,8
49635448,0,SEBLI ETHOPIAN RESTAURANT &.,4995 MEMORIAL DR,STONE MTN,GA,,4049635448,SEBLI ETHOPIAN RESTAURANT & LOUNGE,account_key,high,49635448,1
49637712,0,COMPROMISE K/MINIT MART/CITGO,3436 E PONCE DE LEON AVE,SCOTTDALE,GA,,4049637712,COMPROMISE KRISH INC/CITGO,account_key,high,49637712,1
49637929,0,AMBE POOJA LLC /QUICK STOP,5295 MEMORIAL DR,STONE MOUNTAIN,GA,,4049637929,MEMORIAL DR FOOD LLC,account_key,high,49637929,8
49649847,0,B AND E FOOD MART LLC,1097 HOLLYWOOD RD NW,ATLANTA,GA,,4049649847,H & R FOOD MART,account_key,high,49649847,6
49753979,0,PUFF COMPANY LLC,2760 E COLLEGE AVENUE,DECATUR,GA,,4049753979,PUFF COMPANY LLC,account_key,high,49753979,5
49880277,0,LENNY SERG INC,4712 MEMORIAL DR,DECATUR,GA,,4049880277,LENNY SERG INC,account_key,high,49880277,4
49887144,0,T SOLUTION AT ATLANTA LLC,"1955 CAMPBELLTON RD SW, STE A",ATLANTA,GA,,4049887144,T SOLUTION AT ATLANTA LLC,account_key,high,49887144,7
49898698,0,AAP EATONTON INC,204 E SUMTER ST,EATONTON,GA,,4049898698,AAP EATONTON INC/SHELL EATONTON MART,account_key,high,49898698,3
49929334,0,OM SAI INVESTMENT LLC,1406 JACKSON TRAIL RD,JEFFERSON,GA,,4049929334,OM SAI INVESTMENT LLC,account_key,high,49929334,4
49930475,0,RN FOOD AND GAS INC,722 HARBINS RD NW STE B,LILBURN,GA,,4049930475,RN FOOD AND GAS INC,account_key,high,49930475,1
50432000,0,ELAN CONVENIENCE & GAS LLC,412 W 3RD ST,JACKSON,GA,,7705043200,ELAN CONVENIENCE & GAS LLC,account_key,high,50432000,8
50676960,0,KUSHI ALL INC,630 FAIRVIEW RD,STOCKBRIDGE,GA,,7705067696,KUSHI ALI INC,account_key,high,50676960,8
51283300,0,PETRO AVE LLC/ BP DUNWOODY,5418 CHAMBLEE DUNWOODY RD,DUNWOODY,GA,,7705128330,PETRO AVE LLC/ BP DUNWOODY,account_key,high,51283300,8
51458880,0,NADIA III LLC,3605 LAWRENCEVILLE HWY,TUCKER,GA,,4705145888,NADIA III LLC/YAM 2021 LLC,account_key,high,51458880,4
52409869,0,APNA WHOLESALE,"3821 LORNA ROAD, SUITE 107",HOOVER,AL,,2052409869,APNA WHOLESALE,account_key,high,52409869,1
53448570,0,GRAY FOOD MART LLC,2810 GRAY HWY,MACON,GA,,4705344857,GRAY FOOD MART LLC,account_key,high,53448570,7
53632040,0,JASMINE OIL COMPANY INC,2415 OLD CORNELLA HWY,GAINSVILLE,GA,,7705363204,ARISHA CHEVRON INC,account_key,high,53632040,8
54526210,0,SHANAYA LITHONIA INC,2487 STONE MOUNTAIN LITHONIA RD,LITHONIA,GA,,4705452621,SHANAYA LITHONIA INC / LITHONIA FOOD MART,account_key,high,54526210,3
54677340,0,2743 FOOD MART LLC,2743 MT ZION PKWY,JONESBORO,GA,,4705467734,2743 FOOD MART LLC,account_key,high,54677340,1
55461140,0,5141 FOOD MART INC,5141 HIGHWAY 81,LOGANVILLE,GA,,7705546114,5141 FOOD MART INC,account_key,high,55461140,2
55818760,0,2120 DULUTH MANAGEMENT LLC,2120 DULUTH HIGHWAY 120,DULUTH,GA,,7705581876,2120 DULUTH MANAGEMENT LLC,account_key,high,55818760,1
55831960,0,LAXMI 3283 LLC,3283 CENTERVILLE HWY,SNELLVILLE,GA,,7705583196,LAXMI 3283 LLC,account_key,high,55831960,4
55861770,0,FAM MART LLC,1900 SECOND AVE,DECATUR,GA,,4705586177,FAM MART LLC,account_key,high,55861770,5
55914170,0,CHEVRON FOOD MART,4400 SNAPFINGER WOODS,DECATUR,GA,,7705591417,LUCKY WOODS FOOD MART LLC,account_key,high,55914170,8
55942470,0,DULUTH GROUP USA INC,"4601 SATELLITE BLVD, ST 8",DULUTH,GA,,7705594247,STOP N SAVE/DULUTH GROUP USA INC,account_key,high,55942470,4
55944490,0,A TO Z,4480 WINTER,DORAVILLE,GA,,7705594449 ,YAA ZARINA INC,account_key,high,55944490,4
56373144,0,ALL IN ONE WHOLESALE/ARHAN LLC,2111 OLD MONTGOMERY HWY,PELHAM,AL,,2056373144,ALL IN ONE WHOLESALE/ARHAN LLC,account_key,high,56373144,2
56530660,0,AAP SANDY INC SHELL FOOD MART,2715 SANDY PLAINS ROAD,MARIETTA,GA,,7705653066,AAP SANDY INC SHELL FOOD MART,account_key,high,56530660,5
56840900,0,NAVEED FOODMART LLC,6121 JONESBORO RD,MORROW,GA,,7705684090,6121 CITGO MART LLC,account_key,high,56840900,5
57649461,0,4324 QM LLC/BP FOOD STORE,4324 SHALLOWFORD RD,MARIETTA,GA,,3057649461,4324 QM LLC/BP FOOD STORE,account_key,high,57649461,1
58098820,0,LALANI 786786 INC,2274 SALEM RD SE STE 104,CONYERS,GA,,7705809882,LALANI 786786 INC,account_key,high,58098820,1
59009720,0,RELIANCE GROUP INC,1727 MARS HILL ROAD,ACWORTH,GA,,7705900972,ACWORTH CHEVRON/RELIANCE GROUP INC,account_key,high,59009720,2
59097326,0,CHESHIRE OPS LLC,2319 CHESHIRE BRIDGE RD NE,ATLANTA,GA,,2059097326,AAA 2317 INC,account_key,high,59097326,4
59479170,0,AAP FULTON INC,5955 FULTON INDUSTRIAL BLVD SW,ATLANTA,GA,,9405947917,AAP FULTON INC,account_key,high,59479170,2
59679668,0,MARATHON,2840 RIVERSIDE DR,MACON,GA,,3059679668,STOCKBRIDGE NOVELTIES,account_key,high,59679668,3
62094515,0,BP GAS STATION,3834 GA-365,ALTO,GA,,7862094515,3834 ALTO INC/BP GAS STATION,account_key,high,62094515,8
62094516,0,ARUSHA SHELL INC,41 BIG HORN DR,DOWSONVILLE,GA,,7862094516,ARISHA SHELL INC,account_key,high,62094516,7
62454770,0,DIXIE DAL BP,2922 WEST MAIN STREET,RIYSTON,GA,,7062454770,DIXIE DAL BP,account_key,high,62454770,1
62888555,0,REDAN ROAD LLC / FOOD MART,5616 REDAN RD STE A`,STONE MOUNTAIN,GA,,5162888555,5616 PANOLA LLC / FOOD MART,account_key,high,62888555,5
62989054,0,PJS PACKAGING LLC,7455 SWIFT ST,LITHONIA,GA,,5162989054,PJ'S PACKAGING LLC,account_key,high,62989054,2
63182614,0,DEKALB FOOD MART LLC,763 DEKALB INDUSTRIAL WAY STE B,DECATUR,GA,,7863182614,DEKALB FOOD MART LLC,account_key,high,63182614,4
63182691,0,VALLEY HILL TEXACO,626 VALLEY HILL RD SW,RIVERDALE,GA,,6463182691,VALLEY HILL TEXACO,account_key,high,63182691,3
63202300,0,TYRONE B.P,994 TRYONE ROAD,TYRONE,GA,,7706320230,TYRONE B.P,account_key,high,63202300,8
63424030,0,EZ20 INVESTMENTS,1740 SEVEN ISLANDS RD,BUCKHEAD,GA,,7063424030,EZ20 INVESTMENTS LLC,account_key,high,63424030,1
63646520,0,"CORNER MINI MART SON,BACK H",3114 AUGUSTA TECH DR STE 205,AUGUSTA,GA,,7063646520,CARTERS CORNER,account_key,high,63646520,1
65694488,0,PACES FERRY SHELL,1313 WEST PACES RD,ATLANTA,GA,,7865694488,PACES FERRY SHELL,account_key,high,65694488,1
65743280,0,J&J FAMILY USA LLC,"3230 STEVE REYNOLDS BLVD,STE 114",DULUTH,GA,,4706574328,J&J FAMILY USA LLC/SOONI AND TOMMI,account_key,high,65743280,1
65981471,0,2898 QUICKMART LLC,2898 CLAIRMONT ROAD,ATLANTA,GA,,7865981471,2898 QUICKMART LLC,account_key,high,65981471,3
66085676,0,SQUARE 3 INVESTMENT INC,5754 COVINGTON HWY,DECATUR,GA,,7866085676,ROCKBRIDGE BP LLC,account_key,high,66085676,4
66242830,0,CDP USA LLC,1531 DEWS POND RD SE,CALHOUN,GA,,7066242830,CDP USA LLC,account_key,high,66242830,7
66407850,0,BP HAYNESBRIDGE,9915 HAYNESBRIDGE RD,ALPHARETTA,GA,,7706640785,BP HAYNESBRIDGE,account_key,high,66407850,6
66418767,0,JASMIN JODECO INC,3279 JODECO RD,MCDONOUGH,GA,,7866418767,JASMIN JODECO INC,account_key,high,66418767,5
66426853,0,RJM 145 INC,145 N DUGGER AVE,ROBERTA,GA,,7866426853,RJM 145 INC,account_key,high,66426853,7
66745433,0,COVINGTON STORE PRIME LLC,1814 HIGHWAY 11 S,CONVINGTON,GA,,7866745433,COVINGTON STORE PRIME LLC ,account_key,high,66745433,5
66831043,0,DUNWOODY CHEVRON,5465 CHAMBLEE DUNWOODY RD,DUNWOODY,GA,,6466831043,DUNWOODY CHEVRON,account_key,high,66831043,7
67572152,0,SPEEDE STOP / SAGS BLESSINGS INC,195 GWINNETT DR STE A,LAWRENCEVILLE,GA,,7867572152,SPEEDE STOP / SAGS BLESSINGS INC,account_key,high,67572152,1
67747776,0,SARBIN INC,2315 GLENWOOD AVE SE,ATLANTA,GA,,7867747776,SARBIN INC,account_key,high,67747776,2
68145526,0,EZ STOP & SHOP/2160 MARKET LLC,2160 MARTIN LUTHER KING JR BLVD,AUGUSTA,GA,,7068145526,EZ STOP & SHOP/2160 MARKET LLC,account_key,high,68145526,6
68450033,0,DANIEL FOOD MART/SHAKIR,512 DANIEL ST,LA GRANGE,GA,,7068450033,DANIEL FOOD MART/SHAKIR,account_key,high,68450033,3
68465276,0,NIMI 100 INC,154 FLINT HILL HWY,SHILOH,GA,,7068465276,NIMI 100 INC,account_key,high,68465276,4
68481969,0,5401 COVINGTON HWY INC,5401 COVINGTON HWY,DECATUR,GA,,7868481969,5401 COVINGTON HWY INC,account_key,high,68481969,8
68507208,0,MOMIN A & R LLC,151 NELLIE B AVE,ATHENS,GA,,7068507208,MOMIN A & R LLC,account_key,high,68507208,5
68571524,0,4375 HIGH TECH INC,4375 HIGHWAY 27,SUMMERVILLE,GA,,7068571524,HIGHTECH 2022 LLC,account_key,high,68571524,2
69315480,0,MALIKA 1987 INC,1600 HIRAM DOUGLASVILLE HWY,HIRAM,GA,,7706931548,MALIKA 1987 INC,account_key,high,69315480,1
69381065,0,TAHEERA INVESTMENT LLC,204 E WALKER ST,THOMSTON,GA,,7069381065,TAHEERA INVESTMENT LLC,account_key,high,69381065,4
69422879,0,YOUR 828 MCDONOUGH GROCERY STORE,828 MCDONOUGH BLVD SE,ATLANTA,GA,,7869422879,"YOUR 828 MCDONOUGH GROCERY STORE,LLC",account_key,high,69422879,5
69638820,0,BP CONYERS LLC,4565 GA 20 SE,CONYERS,GA,,7706963882,MAGNET MARKET/4565 BP FOOD MART LLC,account_key,high,69638820,8
69915082,0,AAP PACKAGE INC,204A E SUMTER ST,EATONTON,GA,,7069915082,AAP PACKAGE INC / EASTSDIE PACKAGE STORE,account_key,high,69915082,4
70381350,0,CGLB CORPORATION,6288 GEORGIA HWY 85,RIVERDALE,GA,,7707038135,CGLB CORPORATION,account_key,high,70381350,2
71043120,0,ROCKDALE MART LLC,"405 SIGMAN RD NW, STE B",CONYERS,GA,,2107104312,ROCKDALE MART LLC,account_key,high,71043120,7
71762150,0,KING & KING INVESTMENT INC,4840 JIMMY CARTER BLVD,NORCROSS,GA,,7707176215,KING & KING INVESTMENT INC / SHELL FOOD MART,account_key,high,71762150,5
71914300,0,76 FOOD MART,4556 E PONCE DE LEON AVE,CLARKSTON,GA,,4707191430,76 FOOD MART,account_key,high,71914300,4
72465000,0,FRESH FOOD TOWN LLC,4604 E PONCE DE LEON AVE,CLARKSTON,GA,,7707246500,FRESH FOOD TOWN LLC,account_key,high,72465000,1
72811880,0,COVINGTON PACKAGE LLC,6138 JACKSON HWY,CONVINGTON,GA,,7707281188,COVINGTON PACKAGE LLC,account_key,high,72811880,8
73965490,0,FLATSHOALS USA INC,873 VETERANS MEMORIAL HWY SE,MEBLETON,GA,,7707396549,MABLETON USA INC/SHELL FOOD MART,account_key,high,73965490,7
74009990,0,ARYANA IMPORTERS & WHOLESALERS,2063 MOUNTAIN INDUSTRIAL BLVD,TUCKER,GA,,4707400999,ARYANA IMPORTERS & WHOLESALERS,account_key,high,74009990,1
74406704,0,BROOKWOOD 13 INC,1314 BROOKWOOD AVE,JACKSON,GA,,3474406704,BROOKWOOD 13 INC,account_key,high,74406704,6
74868750,0,SHAMROCK FOODMART,724  S MAIN ST,CEDARTOWN,GA,,7707486875,SHAMROCK FOODMART/ ARZAN SMART GROUP LLC,account_key,high,74868750,6
75013928,0,TWP1 USA LLC,5195 TOWNE LAKE PKWY,WOODSTOCK,GA,,8175013928,TWP1 USA LLC,account_key,high,75013928,3
75368606,0,288 RIZ ATLANTA INC,"288 RALPH DAVID ABERNATHY,BLVD SW",ATLANTA,GA,,2675368606,288 RIZ ATLANTA INC,account_key,high,75368606,4
75383352,0,MONROE EXTRAMILE INC,1865 HIGHWAY 138,MONROE,GA,,3475383352,MONROE EXTRAMILE INC,account_key,high,75383352,4
75733790,0,CITGO/ROCKBRIDE,4420 ROCKBRIDGE RD,ROCKBRIDGE,GA,,7707573379,SONI F00D MART/BAWANI GROC ERY LLC,account_key,high,75733790,1
76092320,0,ARIANA DE LA MORELIANA LLC,1370 GA 138,CONYERS,GA,,7707609232,ARIANA DE LA MORELIANA LLC,account_key,high,76092320,1
77403030,0,F & S BLESSINGS INC,7745 SPENCE RD,FAIRBURN,GA,,7707740303,FAIRBURN BLESSINGS LLC/SHELL FOOD MART,account_key,high,77403030,7
77800290,0,RNN FOOD & GAS INC.,SHELL EXPRESS - 2370 SPRING RD NE,SMYRNA,GA,,7707780029,RNN FOOD & GAS INC/SHELL EXPRESS,account_key,high,77800290,1
77867710,0,BROWNSMILL ENTERPRISES CORP,3546 PANOLA RD,LITHONIA,GA,,4707786771,EXXON FOOD MART/BROWNSMILL ENTERPRISES CORP,account_key,high,77867710,7
78595000,0,Z & F GASOLINE TEXACO FOOD MART,1410 KLONDIKE ROAD SUITE F,CONYERS,GA,,7707859500,Z & F GASOLINE TEXACO FOOD MART,account_key,high,78595000,4
78878230,0,TOP SHOP/TAJ,53 A HWY 81,COVINGTON,GA,,7707887823,TOP SHOP/TAJ,account_key,high,78878230,2
78880550,0,LA FONTANA INC/ BP          I,2106 PACE STREET,COVINGTON,GA,,7707888055,LA FONTANA INC/ AAP PACE INC,account_key,high,78880550,7
80546000,0,NEPAL INVESTMENT INC,2691 S COBB DR SE,SMYRNA,GA,,7708054600,NEPAL INVESTMENT INC,account_key,high,80546000,5
80683810,0,601 BREMEN MANAGEMENT LLC,601 ALABAMA AVE S,BREMEN,GA,,4708068381,601 BREMEN MANAGEMENT LLC/BREMEN MART,account_key,high,80683810,6
80690330,0,FFS3 USA LLC,5414 FIVE FORKS TRICKUM,LILBURN,GA,,7708069033,MILESTONE PETROLEUM LLC/SHELL FIVE FORKS,account_key,high,80690330,2
81914110,0,SIX FLAG AMOCO/ARA,124 SIX FLAG PKWY,AUSTELL,GA,,7708191411,ENDLESS GROUP INC,account_key,high,81914110,3
82157334,0,COVINGTON FOOD MART,5485 HIGHWAY 81,COVINGTON,GA,,6782157334,COVINGTON OPS 1 LLC/COVINGTON FOOD MART,account_key,high,82157334,8
82314282,0,NATIONAL TABACCO COMPANY LP,350 EMERSON PL,UNIONDALE,GA,,6782314282,NATIONAL TABACCO COMPANY LP,account_key,high,82314282,6
82400051,0,BUSY FOOD MART,635 EAST MACCARTY ST,SANDERSVILLE,GA,,4782400051,BUSY FOOD MART/VEDIKA LLC,account_key,high,82400051,1
82428275,0,HOT BOX / AJSF SMOKLE LLC,195 GWINETT DR STE B,LAWRENCEVILLE,GA,,6782428275,HOT BOX / ON THE CLOUD INC,account_key,high,82428275,4
82575244,0,BOWDON MANAGEMENT LLC,133 WEDOWEE ST,BOWDON,GA,,6782575244,BOWDON MANAGEMENT LLC,account_key,high,82575244,8
82591322,0,MAIRA INVESTMENT LLC,1179 EISENHOWER PKWY,MACON,GA,,4782591322,MAIRA INVESTMENT LLC,account_key,high,82591322,1
82712443,0,DIAMOND JUBILEE 6720 INC,6720 MPUNT ZION BLVD,MORROW,GA,,6782712443,MARS MOBIL,account_key,high,82712443,5
82896005,0,GLOBAL USA LLC,1396 FAIRVIEW ROAD,STOCKBRIDGE,GA,,6782896005,A & K GLOBAL USA LLC/FAIRVIEW,account_key,high,82896005,8
82950014,0,3041 S&A LLC/QUICKSTOP,3041 N COLUMBIA ST,MILLEDGEVILLE,GA,,4782950014,3041 S&A LLC/QUICKSTOP,account_key,high,82950014,2
83030178,0,EB MARKET LLC,"501 E BOUNDARY, UNIT C",AUGUSTA,GA,,4783030178,EB MARKET LLC/EB FOOD MART,account_key,high,83030178,1
83206640,0,HARAYANA LLC,1101 ALABAMA ST,CARROLLTON,GA,,7708320664,HARYANA LLC,account_key,high,83206640,2
83294407,0,INAAYA INVESTMENTS INC,4943 EAST HIHGWAY 16,TURIN,GA,,6783294407,INAAYA INVESTMENTS INC/MAM 2022 LLC,account_key,high,83294407,5
83308640,0,1888 ENTERPRISES LLC,2100 METROPILITAN PK WY SW,ATLANTA,GA,,6783308640,1888 ENTERPRISES LLC,account_key,high,83308640,7
83429600,0,BONDS BP/ALVEEZ INTRNATIONAL INC,8145 WAHNGTON ST,COVINGTON,GA,,6783429600,BONDS BP/ALVEEZ INTERNATIONAL INC,account_key,high,83429600,1
83536181,0,SAI POOJA 11 LLC,5072 BUFORD HWY NE,DORAVILLE,GA,,6783536181,SAI POOJA 11 LLC,account_key,high,83536181,1
83726250,0,NAMASTE PHARMACY LLC,426 KINGS TROOP RD,STONEMOUNTAIN,GA,,7708372625,NAMASTE PHARMACY LLC,account_key,high,83726250,1
83733790,0,WINE & LIQUOR EMPORIUM,7184 ROCKBRIDGE RD,STONE MTN,GA,,7708373379,WINE & LIQUOR EMPORIUM,account_key,high,83733790,2
83865618,0,GAS ZONE INC,4485 CHAMBLEE DUNWOODY RD,DUNWOODY,GA,,6783865618,GAS ZONE INC,account_key,high,83865618,3
83893710,0,BP EATONTON LLC,207 E SUMTER ST,EATONTON,GA,,4708389371,BP EATONTON LLC,account_key,high,83893710,1
83947930,0,HALLMART LLLP,1705 CLEVELAND HWY STE 1F,GAINSVILLE,GA,,6783947930,HALLMART LLLP,account_key,high,83947930,1
83987469,0,5 Star Oil Georgia Inc,3290 New Macland Rd,Powder Springs,GA,,6783987469,CHEVRON FOOD MART/ NIKI 3290 INC,account_key,high,83987469,8
84185501,0,"SHREE SAT KEVAL,INC/CHEVRON IB",5995 COVINGTON HWY,DECATUR,GA,,6784185501,"SHREE SAT KEVAL,INC/CHEVRON IB",account_key,high,84185501,4
84188828,0,SNAPFINGER USA INC,3316 SNAPFINGER RD,LITHONIA,GA,,6784188828,SNAPFINGER USA INC,account_key,high,84188828,4
84222858,0,IQRA 1 ENTERPRISES INC,2684 REX RD,ELLENWOOD,GA,,6784222858,IQRA 1 ENTERPRISES INC,account_key,high,84222858,1
84318144,0,ALPHARETTA CONVENIENCE INC,1275 ALPHARETTA ST,ROSWELL,GA,,6784318144,ALPHARETTA CONVENIENCE INC/BEST CONVENIENCE STORE,account_key,high,84318144,1
84635564,0,CHEVRON GAS STATION,1946 ROSWELL RD,MARIETTA,GA,,6784635564,CHEVRON GAS STATION,account_key,high,84635564,3
84693695,0,ASHAR ENTERPRISES,4605 GLENWOOD RD,DECATUR,GA,,6784693695,ASHAR ENTERPRISES,account_key,high,84693695,7
84771667,0,ROYAL TOBACCO LLC,2050 CHAMBLEE TUCKER RD,CHAMBLEE,GA,,6784771667,ROYAL TOBACCO LLC,account_key,high,84771667,2
84795745,0,TONY ENTERPRISES USA INC,336 HIGHWAY 138 SW,RIVERDALE,GA,,6784795745,RAJA SHAMIR ENTERPRISES INC,account_key,high,84795745,6
85045129,0,SIX FLAGS 860 USA LLX,860 SIX FLAGS RD,AUSTELL,GA,,6785045129,SIX FLAGS 860 USA LLC,account_key,high,85045129,6
85111220,0,GLOBAL WHOLESALE,751 DEKALB INDUSTRIAL WAY,DECATUR,GA,,4708511122,GLOBAL WHOLESALE,account_key,high,85111220,1
85150816,0,SHAH FOOD LLC,4183 THURMAN RD STE B,FOREST PARK,GA,,6785150816,SHAH FOOD LLC,account_key,high,85150816,1
85465580,0,KGN INTERNATIONAL LLC,2672 E HIGHWAY 5,CARROLLTON,GA,,7708546558,KGN INTERNATIONAL LLC/WALKERS GROCERY AND DELI,account_key,high,85465580,8
85679431,0,KK FOOD MART / BP FOOD MART,3930 AUSTELL POWDER SPRINGS RD,POWDER SPRINGS,GA,,6785679431,KK SONS USA INC,account_key,high,85679431,8
85747818,0,WHOLESALE EXPRESS,322 NORTH POINT PKWY SE SUITE H & J,ACWORTH,GA,,6785747818,WHOLESALE EXPRESS,account_key,high,85747818,2
85836808,0,DP PROVISION,2297 HIGHWAY 20E,MCDONOUGH,GA,,6785836808,MCDONOUGH FOOD & GAS LLC,account_key,high,85836808,2
85875959,0,FIVE FORKS FOOD MART,1205 FIVE FORK TRICKUM RD SW,LAWRENCEVILLE,GA,,6785875959,SR UNITED USA INC,account_key,high,85875959,3
86436331,0,MADISON CHEVRON,1990 EATONTON RD,MADISON,GA,,6786436331,MADISON CHEVRON,account_key,high,86436331,3
86586435,0,COVINGTON BUSINESS LLC,8108 WASHINGTON ST SW,COVINGTON,GA,,6786586435,COVINGTON BUSINESS LLC,account_key,high,86586435,1
86642489,0,MS DEEP LLC/MINI FOOD MART,942 ALABAMA STREET,CARROLLTON,GA,,6786642489,MS DEEP LLC/MINI FOOD MART,account_key,high,86642489,5
87011027,0,NEXTDAY WHOLESALE LLC,2605 MOUNTAIN INDUSTRIAL BLVD STE 4,TUCKER,GA,,6787011027,NEXTDAY WHOLESALE LLC,account_key,high,87011027,3
87055009,0,SHIRIN GAS INC/GLENWOOD FD MART,1865 GLENWOOD AVE SE,ATLANTA,GA,,6787055009,CHEVRON FOOD MART/1865 GLENWOOD LLC,account_key,high,87055009,3
87096225,0,MR SINGH FOOD & GAS LLC,526 FLINT RIVER ROAD,JONESBORO,GA,,6787096225,MR SINGH FOOD & GAS LLC,account_key,high,87096225,6
87481671,0,5540 FOOD MART LLC,5540 JONESBORO RD,LAKECITY,GA,,6787481671,5540 FOOD MART LLC/ CHEVRON FOOD MART,account_key,high,87481671,5
87570170,0,CH1 USA LLC,6918 CLEVELAND HWY,CLERMONT,GA,,4708757017,CH1 USA LLC,account_key,high,87570170,2
87684444,0,BP FOOD MART,2781 E COLLEGE AVE,DECATUR,GA,,6787684444,BP FOOD MART,account_key,high,87684444,8
87700162,0,FOOD MART CONVENIENCE STORE,7173 COVINGTON HWY STE E 15,LITHONIA,GA,,6787700162,FOOD MART CONVENIENCE STORE/SN24/7 CORPORATION,account_key,high,87700162,5
87709042,0,WASHINGTON PRIME LLC/SHELL GAS,8109 WASHINGTON ST S/W,COVINGTON,GA,,6787709042,SHELL FOOD MART/8109 WASHINGTON INC,account_key,high,87709042,3
87868930,0,LOCUST USA INC,602 PEEKSVILLE RD,LOCUST GROVE,GA,,4708786893,SHAYAAN INVESTMENTS INC,account_key,high,87868930,3
87870089,0,AK MART INC/ 76 PETROLEUM,1885 JONESBORO RD SE,ATLANTA,GA,,6787870089,NRA ENTERPRISE LLC,account_key,high,87870089,4
87996660,0,FARES WELL ENTP INC/CITGO/GRA,1452 NORTH HAIRSTON RD,STONE MOUNTAIN,GA,,7708799666,FARES WELL ENTP INC/CITGO/GRA,account_key,high,87996660,1
88065925,0,HANUMAN FOOD MART,3259 SALEM RD,COVINGTON,GA,,6788065925,HANUMAN FOOD MART,account_key,high,88065925,7
88232336,0,101 BP FOOD MART INC,101 MAYS RD SE,MILLEDGEVILLE,GA,,6788232336,101 BP FOOD MART INC,account_key,high,88232336,3
88345570,0,FR1 USA LLC,181 FAIRVIEW RD,ELLENWOOD,GA,,6788345570,FR1 USA LLC,account_key,high,88345570,8
88405013,0,MIRROR LAKE MART LLC,9600 CONNERS RD,VILLA RICA,GA,,6788405013,9600 QUICKMART LLC,account_key,high,88405013,5
88835933,0,POPS GENERAL STORE LLC,"3316 OLD STATE HWY 113,PO BOX 167",TAYLORSVILLE,GA,,6788835933,POPS GENERAL STORE LLC,account_key,high,88835933,1
88901154,0,GREASE MONKEY LLC,207 BRUMBELOW RD,CARROLTON,GA,,6788901154,GREASE MONKEY LLC,account_key,high,88901154,3
89035195,0,ANANTA C STORE LLC,11983 VETERANS MEMORIAL HWY,DOUGLASVILLE,GA,,6789035195,ANANTA C STORE LLC,account_key,high,89035195,2
89184480,0,HKHR LLC/BP 153,343 JOSEPH E LOWERY BLVD SW,ATLANTA,GA,,4708918448,HKHR LLC/BP 153,account_key,high,89184480,1
89186980,0,RAYAAN 1 LLC/BP 142,1450 DONNELLY AVE SW,ATLANTA,GA,,4708918698,RAYAAN 1 LLC/BP 142,account_key,high,89186980,1
89188290,0,EXPRESS MART AND SUPPLIES LLC,4892 MEMORIAL DR,STONE MOUNTAIN,GA,,4708918829,EXPRESS MART AND SUPPLIES LLC,account_key,high,89188290,1
89279441,0,MID TOWN DECATUR MARKET LLC,349 DECATUR STSE,ATLANTA,GA,,6789279441,349 INTOWN MARKET INC,account_key,high,89279441,8
89745293,0,BIG BROTHER FOOD MART,1193 LEE ST,ATLANTA,GA,,6789745293,400 AMAL LLC,account_key,high,89745293,1
89772072,0,RAINA 19 LLC,6139 COVINGTON HWY,LITHONIA,GA,,6789772072,RAINA 19 LLC,account_key,high,89772072,6
89780081,0,GREEN GENERAL STORE INC,3099 BRECKINRIDGE BLVD STE 208B,DULUTH,GA,,6789780081,ALIENSHIP INC,account_key,high,89780081,3
90088840,0,"AULT CAPITAL,INC/LUCKY LOTTO",1838 COLUMBIA DR STE A,DECATUR,GA,,4709008884,LUCKY LOTTO MART/1838 COLUMBIA LLC,account_key,high,90088840,2
90617490,0,HAMSA WHOLESALE INC,"3075 BRECKINRIDGE BLVD, STE 440",DULUTH,GA,,7709061749,HAMSA WHOLESALE INC,account_key,high,90617490,1
91450500,0,DJ NOVELTIES LLC,298 RACETRACK ROAD,MCDONOUGH,GA,,7709145050,DJ NOVELTIES LLC,account_key,high,91450500,8
92200860,0,HDR LLC/SHELL FOOD MART/GRA,4795 HWY 20 NE ROCKDALE COUNTY,CONYERS,GA,,7709220086,MS CONYERS INC,account_key,high,92200860,4
92275560,0,NAZIR MART INC/GRA,2302  EBENEZER RD,CONYERS,GA,,7709227556,DOLAT PARTNERS USA LLC,account_key,high,92275560,8
94880800,0,STOP BUY FOOD MART,2954 VETRANS MEMORIAL HWY,AUSTELL,GA,,7709488080,STOP BUY FOOD MART/SA VIRANI LLC,account_key,high,94880800,1
97703180,0,BP FOOD MART,559 JOHNSON FERRY ROAD,MARIETTA,GA,,7709770318,BP FOOD MART,account_key,high,97703180,4
98143430,0,AALIYA INVESTMENTS INC,7046 COVINGTON HWY,LITHONIA,GA,,7709814343,786 CHEVRON INC,account_key,high,98143430,5
98155490,0,A&G FOOD MART/CONOCO/GRA/ALEX,6114 COVINGTON HWY,DECATUR,GA,,7709815549,A&G FOOD MART/CONOCO/GRA/ALEX,account_key,high,98155490,8
98690010,0,SHANAYA SHALLOWFORD INC,2714 SHALLOWFORD RD NE,ATLANTA,GA,,7709869001,SHANAYA SHALLOWFORD INC,account_key,high,98690010,3
98787628,0,BP ROCKBRIDGE,2696 ROCKBRIDGE RD,STONE MOUNTAIN,GA,,6098787628,BP ROCKBRIDGE,account_key,high,98787628,1
99079820,0,5540 VENTURES LLC,"540 JONESBORO RD, STE B",LAKE CITY,GA,,4709907982,5540 VENTURES LLC,account_key,high,99079820,2
99119820,0,44 IAZEE ENETERPRISE LLC,44 AUBURN GATE LN,AUBURN,GA,,4709911982,AUBURN BP INC,account_key,high,99119820,8
99392500,0,AT CONVENIENCE INC/SHELL FD MT,685 HOLCOMB BRIDGE RD.,ROSWELL,GA,,7709939250,AT CONVENIENCE INC/SHELL FD MT,account_key,high,99392500,3
99730520,0,WINDER FOOD MART 752 INC,752 GA HWY 211,WINDER,GA,,4709973052,WINDER FOOD MART 752 INC,account_key,high,99730520,6
