20819500024867,93
41985453603,1
619682587336,10
619682587411,34
619682993236,1
619683001459,5
619683001275,4
619683001398,4
619683001428,4
619683001510,4
81819780871,0
525200111221,0
525200199557,0
802501105723,0
802501112226,0
802507774442,0
815970020312,0
815970020299,0
815970020275,0
619682587398,8
10854029008694,1
10850018987056,-1
619682577641,36
619682999412,31
619683001244,3
619683001336,3
619683001305,2
842426152761,0
842426152792,0
649964319874,10
649964319881,12
50854029008043,2
110854029008489,3
619683001367,1
619682993052,0
619682070111,0
619682621245,0
619682999269,0
619682993380,0
619682996374,0
649964319867,11
784762078735,6
842426153300,0
842426153270,0
842426152822,0
842426153331,0
842426144759,0
842426143783,0
842426143806,0
842426144735,0
842426144711,0
842426145008,0
842426144988,0
784762072160,0
619682994141,0
619682995049,0
619682001658,0
619682020680,0
619682577528,0
784762078780,4
719499005013,56
815970020336,0
769256453236,689
769256453328,231
619682993205,0
769256453656,95
818892013288,0
619682070265,0
619682993083,0
619682004017,16
619682004161,15
619682010056,0
812319010355,0
812319010539,0
649964319911,8
784762078971,4
812319010447,0
812319010119,0
818892019211,0
812319010089,0
812319010027,0
812319010294,0
812319010263,0
812319010232,0
812319010058,0
812319010201,0
812319010324,0
784762072054,0
784762072047,18
649964320023,13
10850018987032,82
784762078476,3
784762078889,0
619682560230,8
619682030283,11
784762078575,0
784762078858,-2
619682587435,71
619682587374,77
619682001566,83
860009348349,0
860009348356,0
860009348370,0
619682030221,72
619682573919,39
619682030160,50
619682030405,22
619682577405,55
619682577467,135
619682577603,82
619682587350,79
619682021045,102
619682005458,70
619682994172,-2
619682004109,15
649964320030,11
619682010025,0
784762072184,0
818892014285,0
619682009999,0
649964319904,14
619682993410,0
649964319898,11
816450010342,1
10856064000152,19
769256453649,96
784762072139,0
817458027431,0
817458027448,0
817458027455,1
817458027462,-3
840439106221,0
784762072115,23
784762072078,10
784762078773,54
784762072030,26
784762072108,53
784762072146,25
784762072016,27
784762072023,0
810146970156,96
810146970217,72
817458027424,0
810146970132,143
784762079008,1
810146970125,71
840439106191,0
810146970187,142
784762071668,-8
840439106139,0
10854029008755,85
784762070135,13
738607282993,0
784762078285,22
619682999191,29
619682010087,0
619682993175,0
810146970231,70
810146970163,70
860009348363,0
842426149372,0
784762078940,11
10857545012084,-1
810146970224,140
815970020251,312
619682993441,5
810146970149,68
719499006256,17
10857545008704,5
10857545008728,4
10857545008735,5
10857545008766,5
10857545009459,5
10857545009473,5
719499005952,36
812319010478,27
812319010386,14
812319010560,18
812319010508,21
842426148986,0
842426148955,0
10857545011315,5
810146970170,139
619682996862,35
842426155304,19
818892016685,17
812319010416,25
818892016616,25
842426143738,25
58732934575,8
10854029008564,10
10857545012091,13
850043583776,2
10854029008731,49
850043583790,2
842426155465,0
842426155373,0
619682020864,42
10857545012077,38
619682021120,20
810146970200,70
810146970194,141
818892016555,25
812319010140,2
842426156332,19
842426162005,15
6064000145,0
752129450203,32
752129450401,37
850043583783,0
20819500024850,132
719499005617,24
10857545008773,4
10857545011308,4
10857545009480,1
619682996923,31
784762070074,15
784762070104,17
784762070043,19
784762070012,7
842426165129,17
10857545012046,0
842426163057,16
812319010867,6
818892014254,0
812319010805,7
619682020161,173
850043583769,1
842426155243,19
842426155267,21
810134926639,26
810134928176,25
10857545008711,4
840439106160,-2
810134922068,48
784762071743,14
850008118623,0
815970020237,195
20819500026205,11
10857545012060,1
10857545012053,11
10850018987049,22
619682999023,29
619682999146,24
619682998842,78
619682999115,27
840439106573,28
784762071729,22
784762071705,36
784762071712,12
784762071620,23
784762071613,38
784762071606,11
784762071651,36
842426155434,0
840439106078,47
609792010558,30
609792010565,30
609792010572,30
609792010589,30
609792010596,30
609792010602,30
609792010619,30
719499005143,68
619682999405,10
850008118647,37
619682999160,27
619682999221,47
817127024761,24
817127029759,33
817127029797,23
619682999054,53
817127021043,13
817127029766,8
719499005525,156
719499005341,-1
817127021067,19
817127029742,29
817127029780,18
817127024747,24
817127024754,28
817127024778,21
840439105804,45
817127029773,37
817127021050,28
840439106603,30
619682999085,48
840439106511,26
817458027127,34
817458027271,26
649964327237,51
817458027134,36
649964327213,46
649964323536,48
840439106481,2
784762071644,48
784762071583,3
719499005112,43
842426155342,23
842426164375,21
842426155496,23
719499005174,59
619682009968,119
784762078919,16
719499005372,7
719499008021,94
619682621405,87
817127021036,44
817458027110,68
784762078711,7
784762078513,23
719499005556,142
840439106542,39
840439106108,32
840439106047,16
719499005587,125
850008118272,0
719499008045,123
719499005624,90
784762078117,22
10857545008742,2
10857545008759,2
784762077417,63
784762077363,63
784762077325,61
842426155403,23
649964327220,30
649964321617,31
817458027103,39
817458027097,31
784762078810,34
719499005280,20
719499005051,75
719499005310,49
784762071637,5
649964321570,46
619682010209,108
619682010124,69
840439106016,42
850008118241,11
850008118265,11
842426155281,29
784762078216,8
784762078612,16
850008118630,15
850008118500,46
784762071682,9
850008118289,19
850008118258,29
619682009876,121
619682009906,100
20819500026212,6
817458027318,35
784762078414,4
784762078315,40
817458027080,223
619682010445,119
850008118609,3
850008118616,23
619682010407,964
850008118296,51
719499005044,-199
619682010322,1931
850008118494,15
850008118487,10
619682010285,77
619682010360,504
619682010247,63
619682621221,817
842426142472,1
716165252443,97
685867953692,0
716165154969,0
685867953678,1
716165179184,11
716165174912,0
716165202394,0
716165203346,0
842426141901,26
716165250463,2
850023213860,8
74460005073,2
811673010025,36
716165202097,0
716165174240,23
854133005513,114
18505131464,5
842426142441,4
716165250456,0
818892019037,0
8414775011055,0
716165174028,10
811673010001,31
685141429059,16
854133006886,105
86400111980,0
790835,0
79083159554,0
77170107877,0
86400111966,0
86400310017,0
10077170250280,0
77170110228,0
708926800222,7
649964308373,15
842426141932,27
716165251699,0
716165251477,0
842426142502,15
619683000520,3
812319011505,0
818892012731,0
818892019501,0
842426145732,0
842426145718,0
842426142021,6
817127025003,17
817127025102,16
817127025225,17
817127024990,18
817127025096,18
817127025218,15
719499005402,0
33300454006,47
33300454501,11
619682996749,0
8660008855,9
842426157117,0
51497243869,21
708926800208,4
716165200215,25
671734004789,0
671734004987,0
71737981177,2
33300344512,10
16165150115,0
716165174325,0
16165008683,0
685141429035,6
86400901055,26
86400001960,81
86400904476,18
86400901659,19
79083125009,0
864613,0
77170260664,1
716165281153,0
716165173670,0
850023213044,0
74460005080,0
86400109413,0
314100,0
685867953746,0
40232032752,0
685867953654,0
716165179702,0
77170125444,0
716165202417,0
812319018962,0
716165176114,0
716165177388,8
716165200550,1
10074460151407,0
10074460151367,0
8660017444,33
716165155478,2
716165201991,7
784762072085,22
784762072061,19
784762072009,14
8660008763,15
33300420018,11
8660097347,8
649964319737,9
77170119887,0
648658033171,0
10074460151397,0
18505123209,10
JBFW106,-1
77170262002,5
77170260220,20
77170260510,50
77170260626,1
77170102407,0
716165176138,-1
789781927651,0
10812624020084,0
10812624020091,0
5010891013008,0
789781000262,0
8414775011307,0
8414775013387,0
8414775013530,44
8414775011420,0
716165179207,0
716165153368,2
649964319720,9
811673010018,5
716165202462,57
819500024689,77
649964308410,11
77170120005,0
720260969571,12
10074460151387,-1
812632011183,3
86400904919,49
716165155805,1
850023213891,0
10812624020077,0
812615003273,4
619682010513,0
619682010544,0
74460005059,1
722470010708,2
ROLL78,8
716165201045,-2
86400904339,37
716165252672,0
77170102223,-8
86400901642,14
716165254799,-1
86400904957,1
716165177586,-3
86400904971,9
649964319751,10
86400901048,41
716165178866,-2
77170101134,22
649964319744,16
77170119849,-2
18505125487,19
33300344505,5
JBOR96,-2
86400901307,71
77170118989,4
840439105835,4
648658200016,-1
716165253815,-1
716165177562,-9
716165177821,-5
653341241443,0
854133006893,108
716165250272,0
716165179900,-3
712038552733,12
8660008688,10
8660008725,15
8414775012786,44
716165177807,15
51497243807,19
86400901758,18
854133005520,104
716165202004,-10
842426183093,8
842426183123,8
842426183215,8
842426183277,6
842426183307,6
716165200253,34
8660007421,25
21064709890,8
21064709920,15
21064709937,15
716165157977,-23
51497011642,31
77170122450,43
51497036959,5
86400904933,54
27200104871,-10
854133005506,114
854133006879,91
8414775014049,11
753182136509,1
77170119863,-3
8660008824,21
753182136516,22
685141429028,13
810134923720,0
86400901314,64
8660017314,-69
716165253013,12
716165155645,-6
716165257318,5
716165251606,15
77170104425,24
818892018979,0
818892018993,0
818892019013,0
818892019051,0
818892019075,0
27200104055,0
840439101011,0
840439101059,0
840439101110,0
840439101080,0
77170260640,0
716165202172,0
708926800109,0
21064709913,9
JBJAR72,-7
10857545012015,17
86400904315,35
86400904490,17
77170126359,38
86400901062,46
86400901765,32
8660007117,37
840439105866,3
840439106788,0
719499005235,27
716165250692,8
10077170260104,1
77170260619,3
719499005204,29
10857545012008,69
51497011635,0
51497243883,18
716165178903,-4
10857545012039,17
10857545012022,29
77170119986,40
86400001885,0
51497315535,12
51497315603,43
716165178927,-4
77170122702,1
77170122689,44
BUG74,-71
51497066734,37
649964308403,7
716165177784,-21
8660008640,7
18505123308,2
649964308380,11
71737981108,4
79083159004,11
716165152811,1
716165152798,8
716165179924,31
8660006271,4
716165177302,-17
196177225855,0
51497221744,64
716165178439,136
76013000061,0
8660007148,1
8660007377,11
8660007971,12
8660007353,15
8660007285,26
8660007025,60
8660007247,39
8660097446,45
716165179221,98
716165177401,71
810134921818,21
8660007759,21
8660006134,38
8660007315,17
51497315610,15
51497221782,28
716165252054,174
887982093981,38
8660006486,36
716165252450,31
77170122436,30
842426167611,23
716165255628,6
77170511445,25
77170771795,14
716165174226,126
8660007681,42
8660007179,26
8660006820,2
77170126335,45
76013000665,22
716165201960,47
716165202110,94
86400801980,6
196177225824,-8
716165252061,74
887982094285,138
79083129502,36
716165250685,12
716165250319,46
716165255581,4
850730000135,25
716165255635,20
716165171454,47
716165174189,1015
716165177326,-18
77170510028,267
79083159509,99
716165174585,46
86400901031,14
76013000054,13
77170110365,139
716165253389,19
94781282502,57
716165250326,34
716165253365,35
79083127249,51
79083157246,138
77170510011,269
842426167642,11
716165179498,138
716165177364,87
716165177128,129
850730000302,162
71610302808,229
31700239100,0
70137500889,6
70137525257,351
70137511229,404
71610340565,80
816518010123,51
185092002054,0
71610912717,0
695181700254,0
695181700278,0
695181700230,0
894945001044,0
894945001051,0
894945001068,0
859477001726,0
859477001696,0
859477001849,0
812615007608,0
685141350155,0
685141350445,0
812615007592,0
185092002092,6
185092002061,2
859477001788,0
708926250027,0
708926250126,0
708926250225,0
879982004166,1
816518010062,15
816518010130,37
76452562014,0
185092002078,0
611640100106,0
816518012554,0
879982004135,0
685141350193,4
879982004159,12
879982004111,0
685141350032,0
31700909447,0
31700909201,0
31700901373,0
31700909379,0
31700909164,0
31700901359,0
31700901366,0
31700909386,0
31700009413,0
31700909409,0
10818433010438,21
10818433010476,17
31700003862,0
611640104104,0
10818433010421,40
10818433010391,19
10818433010407,17
10818433010414,12
844504004610,1
70137514541,1
842426162128,0
751667183437,0
816518018235,0
842426162159,0
842426162210,0
844504004603,0
844504004627,0
844504004634,0
844504004641,0
842426162241,0
842426162180,3
71610912458,127
31700233184,0
31700233474,0
818892018436,0
818892019778,0
818892016265,0
818892014438,0
818892019303,0
818892019334,0
818892019273,0
761847548871,0
70235505786,27
31700909393,0
31700009635,0
31700909423,0
31700909171,0
31700010143,0
71610498228,0
70137826651,0
70137513339,0
70137510642,0
70137511021,0
70137510918,0
70137510932,0
70137822059,0
70137810353,0
70137810452,0
70137824756,0
70137824855,0
70137500032,0
70137510437,0
70137510451,0
70137513384,0
70137571186,0
70137514527,0
70137210467,0
874411001877,0
874411000696,0
39517821952,0
874411000733,0
611640116107,3
611640102100,0
611640108102,24
818892018580,0
818892018559,0
842426142830,0
842426142861,0
842426142922,0
784762074881,0
784762079978,0
859477001757,0
812319018269,0
812319013790,0
812319015688,0
812319018849,0
31700003848,0
31700909188,0
31700901403,-2
31700901410,0
31700003855,0
31700909195,0
31700003831,0
793573167262,0
793573167286,0
793573167248,0
818892014469,0
844504006126,0
844504003200,0
818892015671,0
71610752856,0
818892014490,0
818892019457,0
818892010782,0
818892013202,0
812319018870,0
818892010119,0
818892010140,0
818892011314,0
818892013097,0
818892016401,0
818892013172,0
818892011147,0
818892010058,0
818892018252,0
842426146319,0
842426154116,0
842426153874,0
842426153843,0
842426154086,0
818892015602,0
842426142892,0
818892014667,0
842426147637,0
842426146289,0
818892014728,0
818892014698,0
842426151573,26
842426150453,0
818892018528,0
842426146166,0
842426147590,0
818892013813,0
842426145145,0
842426144001,0
842426144032,0
818892018467,0
842426143943,0
842426144698,0
842426144667,0
842426143974,0
842426144605,0
842426144636,0
842426145237,0
842426145268,0
842426145206,0
842426145176,0
818892018313,0
842426155229,0
842426144575,0
842426144544,0
818892018641,0
818892018283,0
812319018917,0
812319011918,0
818892011727,0
818892011871,0
818892012403,0
818892011789,0
818892011819,0
818892011840,0
818892011697,0
842426153218,0
842426156189,0
842426156158,0
842426156219,0
842426156240,0
818892015176,0
818892015237,0
818892014780,0
818892015145,0
818892015282,0
818892015589,0
818892015206,0
818892015268,0
842426146630,0
842426147255,0
818892017347,0
842426146661,0
818892018702,0
842426154055,0
842426153997,0
842426144278,0
818892016067,0
842426144247,0
818892018405,0
842426144483,0
842426156363,0
842426156608,0
842426156394,0
842426144513,0
818892014520,0
842426144452,0
842426156424,0
818892013141,0
818892013882,0
842426150392,0
818892013943,0
842426163958,0
818892013967,0
818892013905,0
31700001295,0
70137511373,0
70137512516,0
70137511397,0
70137510376,0
70137514282,0
70137210443,0
70137210382,0
25900295400,0
842426160872,0
31700009734,0
842426160896,0
842426160919,0
842426144308,5
842426143189,-1
842426160957,0
842426160933,0
879982004128,2
859477001870,0
859477001900,0
818892011758,0
857995003932,0
857995003956,0
857995003895,0
857995003987,0
611640111102,0
31700233450,0
31700901328,0
70137512110,0
842426160902,0
818892017125,0
842426175050,0
842426160889,0
874411000726,0
842426160865,0
842426164467,0
818892019396,2
844504001497,12
844504002845,10
844504000773,0
844504002876,0
31700233764,0
842426164498,0
842426153935,0
842426147613,0
818892019365,0
818892017095,0
818892012434,0
842426144964,0
842426144933,0
818892014605,0
818892019242,0
818892013929,0
812319017286,0
812319017255,0
842426163774,0
818892010027,0
842426170673,1
842426156486,0
842426163743,1
844504001473,42
812319018719,8
842426157261,85
842426153904,74
31700003886,0
842426158558,0
842426146524,0
842426156639,0
842426146432,0
842426146494,0
842426146463,0
842426156455,0
842426146401,0
842426156516,0
842426146340,0
842426164979,0
844504001480,13
842426148801,0
70137831358,-7
842426174848,0
842426162630,0
842426157957,45
842426156301,2
842426153966,10
842426174541,37
818892013844,23
842426175173,2
842426163927,80
842426160940,0
818892016524,5
818892016036,7
844504001466,6
842426146371,1
70137511175,3
70137510192,0
71610340800,0
818892018795,10
842426174602,38
842426145770,52
818892018825,17
818892014575,7
844504002777,6
842426181778,25
842426181808,30
842426146258,-1
842426166867,21
31700900376,2
842426165549,28
842426165181,30
70137511168,421
818892014636,44
842426166898,30
70137500421,182
842426165426,24
812319018948,32
71610341517,178
71610341036,128
842426181112,148
842426172059,48
71610341739,225
71610340992,75
842426164528,25
842426165303,57
842426165365,51
842426165570,80
842426166928,40
842426166980,124
842426167017,27
842426170581,241
842426170642,312
842426170857,131
842426171458,52
842426181501,74
842426181594,30
842426165396,85
842426165150,19
842426164078,147
842426165488,302
842426179850,393
842426166959,119
842426165242,55
842426166836,35
842426167109,78
70137500384,152
70137505259,258
842426165211,81
70137512479,456
818892010966,20
842426165273,495
842426170611,140
842426170703,113
70137505297,255
70137005421,355
70137005384,1247
842426181747,25
842426181839,30
70137831457,411
71610341760,134
31700237960,52
842426167079,214
842426165457,71
842426165334,223
842426167130,179
842426170765,187
31700239391,77
842426181082,361
842426165518,63
842426170550,159
842426170826,252
842426170529,421
842426170734,988
842426170796,132
842426167161,44
842426170499,473
90500100058,6
681467003553,17
28200606112,1
87393235233,0
76940197254,0
28200126504,0
28200143709,0
28200137807,0
28200135902,0
28200599414,0
28200584212,0
28200599711,0
28200601414,0
28200599810,0
28200586810,0
28200136206,1
28200135803,0
28200577412,0
28200194305,0
28200194404,0
814057400818,0
28200601513,0
28200599315,0
26100002973,0
76940197063,0
28200302519,0
689490002338,0
689490002482,0
689490002390,0
689490002543,0
689490002420,0
689490002574,0
689490002307,0
689490002451,0
689490002369,0
689490002512,0
689490000983,0
689490001379,0
689490001041,0
689490000884,0
689490000945,0
689490001010,0
689490000853,0
689490001102,0
689490000914,0
28200300713,4
28200604019,2
27200011636,0
27200032501,0
90600001446,0
90600001415,0
90600001408,0
689490001348,0
11000126119,0
11000126157,2
12300351010,0
185092030057,10
853202002033,0
853202002095,0
853202002118,0
185092000814,3
185092030040,4
853202002019,0
853202002057,0
853202002071,0
853202002132,0
853202002156,0
767321424174,0
28200305015,5
28200304414,0
28200303912,0
28200305411,0
76940197209,4
814057301719,0
814057001411,6
708926566050,0
708926630218,0
708926641542,0
708926641344,0
708926630348,0
708926641146,0
185092000821,6
185092000845,0
28200300812,0
28200300911,0
28200301512,0
28200172709,-5
28200109002,0
28200172501,0
28200172402,0
28200328519,0
28200328410,0
28200197207,0
28200171900,0
28200170903,0
28200604118,0
28200136503,0
28200322814,0
185092000838,6
12300155137,3
802284000475,1
802284005081,0
802284000444,0
802284005050,0
802284000505,0
802284005111,0
802284005142,0
802284000536,0
802284000413,0
802284005029,0
802284004503,35
802284004534,32
802284004725,5
802284004565,0
28200301710,0
28200301413,0
28200322913,0
28200332417,0
28200332516,1
28200319913,0
28200194800,0
28200196101,0
28200587312,0
28200569714,0
28200573117,0
28200577917,0
28200572219,0
28200572318,0
28200573129,0
28200549617,0
28200605214,0
28200572615,0
28200587015,0
28200600516,0
28200600110,0
28200600011,0
28200600615,0
28200600714,0
28200600912,0
28200600318,0
28200600219,0
28200600813,0
28200587213,0
28200585813,0
28200585912,0
28200584915,0
28200599117,0
28200599216,0
28200603111,0
28200315618,0
28200603210,0
28200603319,0
28200580511,0
28200608314,0
28200603418,0
28200580719,0
28200584717,0
28200584816,0
28200598714,0
28200607515,0
28200607713,0
28200607218,-1
28200607416,0
28200598912,0
28200584618,0
28200584519,0
28200585011,0
28200610010,0
28200578815,0
28200178602,0
28200181701,0
28200179302,0
28200198303,0
28200198204,0
28200173201,0
28200173102,0
857908000744,0
857908000737,0
857908000799,0
857908000805,0
857908000751,7
857908000768,6
185092030064,0
26100002775,0
12300132138,0
12300135139,0
12300133135,6
26100005370,2
12300509756,0
12300844154,0
12300843959,0
12300844239,0
12300108812,0
12300108119,0
12300105798,0
12300108782,0
12300911726,0
12300105767,1
12300911665,0
47995200442,0
12300119849,0
12300114332,2
12300114493,0
12300114523,0
12300119870,0
12300119931,0
12300154130,0
12300177139,0
12300367455,0
12300367486,0
12300502566,0
12300502597,0
12300502672,0
12300502733,0
12300502795,0
12300502825,0
12300502856,0
12300502887,0
12300844314,0
12300844390,0
26100004274,0
26100004373,0
26100005172,0
27200356744,0
27200356775,0
27200032518,0
43300020484,3
43300021085,0
12300114301,0
27200356836,0
43300187545,0
27200846658,0
27200846726,0
27200347391,0
26100016383,0
26100016444,0
26100016819,0
26100016727,0
26100805796,0
26100016352,0
26100016413,0
26100805857,0
26100016635,0
26100865752,0
26100016260,0
27200347360,0
27200348091,0
43300045180,0
26100016604,0
26100865745,0
27200347698,0
27200348015,0
27200348039,0
27200348077,0
26100016895,0
12300104135,0
12300351003,0
12300356923,0
12300356954,0
12300340847,2
12300192132,0
12300139137,2
27200347452,0
27200846696,16
43300187217,0
47995200305,0
43300109301,0
43300109219,0
43300187668,0
43300109035,0
43300187637,0
43300109158,0
43300187576,0
43300187453,0
43300187422,0
43300187484,0
12300844284,13
12300844369,27
12300708135,10
12300101134,3
12300102131,5
12300131131,0
47995856021,2
12300215138,30
43300020682,3
47995200015,5
708926565244,1
27200846627,4
853272008126,0
802284004411,13
12300367585,8
28200313911,6
76940197070,-1
76940197094,24
11000495086,8
11000405085,6
11000293101,7
11000286080,7
11000294108,8
11000285083,5
11000290100,9
12300911634,6
12300911603,45
20400051686,3
43300051082,8
802284004664,7
802284004473,7
12300259132,36
28200161307,9
28200318510,9
708926564049,28
20400052683,5
12300265713,11
814057002722,4
802284004602,15
802284004442,11
12300840132,6
28200324214,5
11000288084,19
802284004633,9
12300232845,5
12300839136,38
12300841139,7
28200195906,18
11000104087,16
76940197087,27
853272008164,62
814057002913,22
814057002319,16
27200347339,28
27200207060,16
43300065188,3
709215213990,5
709215615336,10
47995855314,10
28200331311,4
12300844017,22
76940197025,44
27200207046,18
27200018598,29
11000291107,4
681467003522,53
12300130134,6
12300327916,11
12300707138,4
28200305114,6
43300029081,3
853272008201,47
28200172266,12
12300843928,29
681467003584,2
12300220804,9
27200347247,42
28200177407,29
802284004695,14
28200334916,30
28200156808,34
28200314017,3
28200173300,8
28200177209,8
28200309914,39
12300842136,40
27200731459,12
28200177506,29
11000104124,2
685141913190,30
28200304810,6
43300187514,14
28200304018,-4
26100805802,15
26100805833,6
43300020583,-1
27200011162,13
814057001213,8
814057002111,32
28200181503,-5
12300845137,5
28200137708,3
12300158138,30
708926565213,15
28200303615,8
751667126663,248
28200173904,10
27200347278,23
20400050382,16
76940197032,23
853272008140,4
11000010616,43
28200140104,53
11000010012,44
11000104070,11
11000104094,15
11000494089,15
681467003195,21
681467003225,20
681467003256,7
681467003614,19
709215485229,6
27200205905,9
27200209545,8
47995855178,27
12300160131,5
27200207022,8
28200137609,7
28200142405,12
28200303714,-10
28200304315,0
28200304513,9
28200305312,14
28200324313,8
28200330611,11
43300052089,8
527432522509,14
26100806571,43
28200147103,58
12300119818,24
12300119900,56
28200148506,20
43300187187,49
708926561314,32
27200018659,48
11000104063,25
28200193506,50
11000493082,18
11000283089,19
11000287087,3
76940197001,29
11000010036,65
76940197056,50
11000282082,14
76940197018,33
27200018628,32
11000010050,35
28200309815,32
11000104131,2
11000492085,10
11000010067,38
11000010609,55
76940197049,40
685141913114,-118
11000010043,18
28200179104,32
28200138606,52
28200172808,14
12300302890,28
12300340793,3
28200315519,6
47995856045,5
709215202116,25
709215302137,15
28200304216,7
28200178701,4
90500100317,0
27200336746,0
90600001422,0
27200192335,0
26100806557,0
90500110125,0
90500100331,13
90500110071,3
90600301966,0
90600010028,0
90600301973,0
90600301959,3
90600301935,0
90500100324,7
90500110002,0
90500110019,0
90500110736,1
90500100362,3
90500100072,2
87393246529,0
87393735238,6
87393823430,8
90500100010,6
90500100379,1
90600301898,18
90500110088,-1
90500110118,-1
90500110712,5
87393246260,4
87393985237,5
90600301386,11
90600392704,20
90500100294,7
90500100560,44
90500100300,12
90500100096,34
90500100003,28
90600392667,41
90500110729,2
90500100553,30
90600301911,24
87393246154,12
90600301904,12
90600392681,41
90500100119,17
90500100034,5
90500100126,18
90600301430,25
90600301393,9
90500100133,21
90500110033,0
708926561116,8
814057001015,29
814057400719,26
708926563042,27
47995855321,35
28200136909,8
47995855185,48
709215401892,16
709215201867,19
709215384225,8
28200172365,29
28200196200,56
27200731527,28
90500100140,36
12300844130,2
12300220835,17
12300844185,5
28200174307,11
20400053581,16
26100806618,6
27200011179,9
27200207008,8
28200173508,7
90500100263,22
90500100249,39
90500100188,40
853272008249,-2
853272008188,-2
90500100256,19
814057002517,49
681467003287,63
28200126405,11
28200194909,8
47995200411,49
47995855338,27
47995855352,37
47995855192,68
90500100218,26
90500100027,30
90500100171,102
43300109271,41
27200205967,7
27200205936,7
27200209514,10
43300187361,15
27200209576,6
90500100065,77
28200179203,8
28052020128,8
28200304612,0
11000010029,55
708926562113,36
708926562311,37
12300103138,24
28200177803,20
28200136404,33
685141913121,204
43300187606,65
43300109189,33
28200196507,48
27200018512,24
27200018673,53
47995855345,20
28200172907,4
26100806687,34
90500100201,50
90500100287,26
26100806564,98
12300108751,5
28200195807,13
26100016239,55
26100016291,46
28200310316,42
47995855154,41
28200147806,50
28200334817,25
28200310415,27
28200195302,85
28200196408,81
28200136107,89
708926563219,180
28200310019,32
26100806700,85
28200195203,91
43300187156,46
27200347308,1
26100805772,237
90500100041,222
27200018543,16
11000010005,76
43300109097,44
90600392605,28
90500100195,82
685141913008,-120
90600392674,165
28200147707,173
12300107136,45
685141913046,-56
685141913077,90
28200142306,78
685141913039,-534
28200136305,316
685141913152,-436
28200142207,46
709215302151,18
43300109004,23
90600392629,15
709215402134,32
28200173003,12
26100805727,20
26100805765,66
28200178404,55
90500100270,34
28200132307,59
28200148100,38
28200130303,27
28200196309,48
28200195401,75
28200135704,493
28200146502,116
26100806601,9
28200310217,21
12300260138,30
28200173409,19
43300187330,12
90500100102,32
28200174406,9
28200156501,54
12300193139,34
12300194136,30
12300197403,117
26100805789,208
26100805734,1160
26100805758,1411
28200317711,163
28200138408,443
31700238981,103
25900359553,493
816518010079,85
812615007776,0
685141694006,0
187700001589,0
685141694068,0
685141694044,0
71737451328,0
187700001527,0
187700001619,0
187700004306,0
751667097789,8
751667097703,0
812615007622,0
812615007677,0
685141694051,0
685141694037,0
816518012639,61
816518012592,62
812615006816,0
71737011690,0
70235130124,0
814101024380,0
705105724966,0
31700010396,0
31700232187,0
31700010389,0
31700232064,0
31700010372,0
31700233825,0
816518011625,66
70235009598,0
816518011984,1
816518012028,74
812615007578,0
812615007639,0
816518012004,110
816518012042,26
816518012530,18
70235506004,0
70235506028,0
70235506035,0
693067472318,0
693067472332,0
816518012080,153
751667097666,22
816667010913,3
816667010937,11
815970020459,0
815970020473,0
815970020534,0
31700909324,0
31700901502,0
76452562038,9
31700235492,0
70235506585,0
70235506615,0
70235506578,0
70235300046,0
815970020497,0
815970020435,0
25900305925,0
25900444136,1
816518018846,0
816518016514,0
816518017283,0
816518018891,0
816518017139,0
816518017221,0
816518016446,0
816518017245,0
816518017269,0
816518019072,0
816518019096,0
816518016439,0
31700010402,0
70235506011,0
25900288983,0
71737011638,0
71737011591,0
25900305864,0
71737011751,60
70235300053,10
814101024403,0
814101024359,0
812615006809,0
818059029114,63
818059028551,24
71737451359,52
818059028568,14
71737811832,12
70235506141,0
10860004878008,0
10860004671692,0
71610340145,0
20860004671620,1
31700232620,0
818892019808,0
818892016289,0
25900359218,0
25900359225,0
71610497474,0
71610496385,0
71610499461,0
71610494664,0
71610496309,0
71610501379,0
20860004671613,1
71610495227,0
71610340190,0
71610496064,0
71610496620,0
71610496187,0
71610340374,0
31700420171,0
31700420218,0
31700232262,0
31700009581,1
31700420201,0
31700420225,0
31700420188,0
31700233139,1
31700233771,0
31700236598,0
31700901915,0
70235505779,-24
71737451144,16
71610499386,0
71610499423,0
71610504448,0
71610504301,0
71737811955,15
31700233948,0
31700233054,0
31700233146,0
70235505793,2
70137513513,0
70137512493,0
31700003619,0
31700003633,0
31700009260,0
70137832850,0
70137512486,0
70137511274,0
70137809357,0
70137514299,0
70137511298,0
70137514206,0
70137809456,0
70137510185,0
70137832959,0
689076936620,0
71610340350,0
685141850358,0
685141850150,0
685141850037,0
685141850235,0
693067472301,0
611640109987,20
71610496040,0
71610496002,0
71610497498,0
31700420362,0
31700234631,0
31700009741,0
31700009499,0
20860004671637,1
818892013554,0
71610495647,0
71610495562,0
71610495807,0
71610501560,0
71610501423,0
71610504516,0
71610501836,0
71610501348,0
71610501355,0
71610340244,0
71610495722,0
71610495685,0
71610495470,0
71610495418,0
71610495500,0
71610495449,0
71610495388,0
71610495357,0
784762072443,0
784762072399,0
819721012175,0
71610494626,0
31700009369,0
31700009529,0
31700009680,0
818892010591,0
812319015527,0
818892015718,0
812319013707,0
812319013820,0
818892010638,0
818892015756,0
818892010560,0
818892013110,0
858765008546,0
817127029889,0
858765008539,0
858765008522,0
858765008478,0
817127029896,0
814101024410,24
814101024373,26
814101024366,22
25900305871,0
25900288969,2
31700901397,0
31700003824,0
20860004671606,-1
10860004878077,-1
71610497597,0
71610497818,0
71610496262,0
71610497917,0
71610498280,0
31700010198,0
25900443047,0
25900297671,0
71610495524,0
71610495128,0
25900340094,0
25900342098,0
25900276751,0
25900285692,0
25900342104,0
25900435257,0
25900426538,0
25900430115,0
25900330019,0
25900294205,0
25900294229,0
25900426811,0
25900320669,0
25900435288,0
25900426842,0
25900426897,0
25900445928,0
25900337667,0
25900294243,0
25900340131,0
25900309732,0
25900294250,0
25900287054,0
25900426866,0
25900426880,0
25900299279,0
25900278991,0
25900370046,0
25900277161,0
25900436025,0
25900282516,0
31700237557,0
31700237212,0
71737011287,0
816667012474,0
816667012511,0
816667012498,0
874411000689,0
874411000672,0
874411000719,0
874411001358,0
874411000702,0
812615002795,0
812615008001,0
812615007615,0
812615008032,0
812615007585,0
784762044075,0
784762044877,0
784762044273,0
31700235850,0
31700235652,0
31700236338,0
31700909331,0
31700909362,0
31700237434,0
31700238400,0
31700009857,0
25900240776,0
25900240929,0
818892012496,0
812319017224,0
818892010201,0
818892012465,0
818892010171,0
818892019426,0
818892013257,0
818892019488,0
818892019860,0
842426143219,0
842426143240,0
842426143271,0
818892017286,0
818892017316,0
842426144216,0
842426147293,0
818892015305,0
842426150484,0
842426150422,0
812319015497,0
812319018054,0
818892018672,0
818892018375,0
818892013547,0
76452562045,0
31700001172,0
31700009512,0
816518010185,9
816518012189,0
816518013407,0
31700908372,0
616043444093,0
25900297442,0
25900293789,0
816518016484,0
25900288976,0
31700232637,0
31700232613,0
31700001301,0
31700235041,0
31700901335,0
31700232057,0
71610340312,0
71610340459,0
71610340442,0
71610302433,0
71610302341,0
71610302624,0
71610301818,0
71610302013,0
71610494701,0
71610494862,0
71610495609,0
71610495845,0
71610495760,0
71610495968,0
71610495920,0
71610503724,0
71610502390,14
71610502406,0
71610503755,4
71610501874,0
71610504523,0
71610503120,0
71610502161,0
858765006764,0
858765008980,0
858765000946,0
817127020589,0
31700233351,0
31700233412,0
31700233405,0
31700236642,0
31700009888,0
31700234136,0
31700235331,0
31700235164,0
31700009864,0
31700009895,0
31700235324,0
31700420058,0
31700009833,0
31700233061,0
31700009871,0
31700236130,0
31700235546,0
31700235454,0
31700238660,0
31700238318,0
31700232606,0
31700232798,0
31700232804,0
31700232736,0
31700235447,0
31700232729,0
31700236932,0
31700237205,0
31700235201,0
31700235171,0
31700420294,0
31700420263,0
31700420300,0
31700420379,0
31700420287,0
31700233740,0
31700234815,0
31700232217,0
31700235409,0
31700232194,0
31700232200,0
31700232231,0
31700010587,0
31700232125,0
31700232101,0
31700008270,0
70137513520,0
70137515081,0
70137514275,0
70137005193,0
70137005100,0
25900229528,0
25900426781,0
25900294212,0
25900296346,0
25900294236,0
25900453381,0
25900287306,0
25900297480,0
25900297466,0
25900297497,0
25900297428,0
25900297688,0
25900297411,0
25900342111,0
25900294304,0
25900226107,0
25900285302,0
25900296322,0
25900297015,0
25900237141,0
25900297022,0
25900237059,0
25900297046,0
25900281564,0
25900226022,0
25900277154,0
25900286743,0
25900359331,0
25900359348,0
25900359638,0
25900359652,0
25900359645,0
25900240691,0
25900240547,0
25900280970,0
25900240813,0
25900240912,0
25900320126,0
25900320850,0
25900420789,0
25900286040,0
25900425944,0
25900325817,0
25900325824,0
25900325831,0
25900325800,0
25900325848,0
25900325862,0
25900303631,0
25900405359,0
25900309725,0
25900287139,0
25900340049,0
25900342043,0
25900359201,0
25900280888,0
25900277239,0
25900359027,0
31700232293,0
31700236871,0
31700001493,0
31700900321,0
31700003473,0
25900528898,0
25900354022,0
25900443092,0
25900354015,0
31700232590,-1
31700235386,625
31700235423,26
31700003411,-1
31700238684,0
31700009727,1
819721011963,0
25900200626,0
25900200633,0
25900205317,0
25900225254,0
25900225261,0
25900225285,0
25900225292,0
25900240554,0
25900240561,0
25900240578,0
25900240585,0
25900243616,0
25900243807,0
71737451298,0
31700233931,11
71737011720,0
31700235430,48
31700009444,48
814101025097,21
814101025080,10
814101025110,27
71737451113,3
816518019133,0
70235009604,20
31700232088,0
31700232170,0
70235506042,0
70235300015,0
816667010951,0
616043444109,0
71737451236,0
39517818365,0
31700232163,0
31700010365,0
812615001026,0
812615002528,0
812615002580,0
812615002504,0
812615002559,0
812615002573,0
812615001033,0
812615002597,0
812615002535,0
812615002511,0
812615002542,0
812615002566,0
814101025066,0
814101025134,0
814101025042,0
814101025141,0
814101025127,0
814101025073,0
31700232460,47
31700235621,0
31700236987,0
25900359621,-6
31700232378,94
31700232446,62
31700233337,65
31700235232,6
812615001040,-36
812615001057,-14
812615002726,-10
812615002733,-83
812615002740,-84
812615002764,-74
812615002771,-25
31700238165,0
31700238172,0
31700238189,0
31700238196,0
31700238608,0
31700238622,0
31700238615,0
31700238639,0
31700232156,0
25900287290,0
31700238257,-99
31700003374,1
31700003770,0
31700908709,0
31700901038,0
31700909157,0
31700003008,0
784762072481,0
784762072382,1
31700232392,87
31700235485,6
25900359669,2
819721010683,0
31700238790,-20
31700232279,1
814101025059,4
25900240516,-49
25900300883,0
812615008155,0
812615006748,0
25900359607,-28
817127022507,105
817127020459,9
31700232361,0
31700237380,0
819721010669,0
71610505742,0
71610340220,0
817127026604,-1
31700237243,-1
31700236482,0
70137809654,-1
25900297435,-6
31700235966,-48
31700236857,-1
70137512783,0
70137514923,0
817127020862,0
858765000939,0
858765000960,0
858765009499,-15
858765009505,-212
819721010676,0
25900354039,0
25900243814,0
25900444167,0
31700009697,67
70137809555,0
31700234075,0
31700237663,0
31700235508,0
31700235997,0
31700009406,0
31700235553,0
31700234204,0
31700237502,0
31700901083,0
31700237014,0
31700232453,0
31700233085,0
31700238370,0
31700237441,0
31700234082,0
31700900994,0
31700236574,0
31700236420,0
817127020381,2
858765000953,0
858765001752,125
816518016422,0
817127021937,0
858765001721,50
816518016460,0
70137512653,0
31700236000,0
812615002702,-5
25900305918,1
25900305949,1
25900300890,1
817127020893,0
31700236970,0
817127020619,96
31700009642,0
31700236710,0
31700233122,2
70137512509,0
31700235935,2
31700901557,0
31700235416,483
25900227012,4
25900426859,0
31700235393,351
25900303648,0
25900297404,0
25900425982,0
25900227005,0
25900287467,0
25900405366,0
25900359324,0
31700009802,0
31700233467,0
25900359317,0
25900359300,0
71610580053,0
70137514213,-2
858765009482,0
70137514220,0
70137514244,0
812615002719,0
812615002757,0
812615002788,0
71610505667,0
71610340749,0
71610495265,0
25900300876,0
31700234099,0
31700237472,0
31700901885,0
25900336752,-2
25900359614,0
31700239148,0
655457290810,44
655457390893,53
676737971137,44
676737955373,33
70137834656,0
70137834359,-4
31700236215,-1
819721010690,0
819721010843,6
25900379186,0
71610760646,0
71610752870,23
71610756045,0
71610302600,0
71610340879,0
71610340275,0
71610301535,0
31700420072,0
814101024397,19
31700238905,1
71610440890,0
71610341500,0
71610341470,0
31700233320,108
31700420249,0
71610341494,0
819721012335,0
842426157209,160
842426157230,205
25900336745,0
25900200596,1
31700420195,0
25900200619,0
70137515395,0
784762072344,0
784762072351,0
784762072375,-1
31700901304,1
31700232415,19
31700237793,18
817127029216,30
817127029223,30
817127029315,21
817127029322,21
817127029346,21
25900336714,-1
784762072313,20
819721012021,1
31700239087,0
31700238929,0
31700238455,5
819466011402,65
25900243753,0
784762080288,3
25900336738,1
71610340527,57
784762072320,19
31700236550,66
70137514237,-24
819721012243,0
25900421137,174
25900421151,138
817127026628,13
71610502383,12
31700237588,8
31700238226,-12
25900425432,157
71610340541,104
71610340503,41
71610340664,3
31700232439,70
70137512776,0
25900240523,0
70137833154,91
812615006731,34
31700232255,-63
31700237809,0
819466011419,64
819721011789,-1
25900443054,1
31700238738,151
70137500100,20
70137500193,31
70137005032,0
858765006788,0
817127026598,11
784762080431,66
784762080615,57
784762080677,42
784762080790,68
31700901809,4
31700009765,3
812615006724,6
25900229627,79
784762072290,25
784762072337,20
784762080646,41
25900229603,15
817127027120,24
817127026611,24
784762080585,36
25900229641,1
858765006818,0
817127023887,0
784762080226,5
70137514855,4
819466011426,105
25900327729,89
71610341265,15
25900229559,9
817127027137,23
784762080462,51
784762080707,30
31700236680,9
71610341098,0
71610340176,234
71610302044,97
71610340480,90
71610340695,0
71610340909,-1
71610580107,0
71610580060,0
71610580138,0
71610340213,0
71610496101,0
71610340763,0
71610496422,0
71610496507,0
71610340237,0
71610496149,0
71610495104,0
71610498556,9
21610502345,8
71610498952,0
71610501614,0
71610505704,0
71610505056,0
76452361945,0
76452304508,0
70235501559,1
70235510735,0
70235501412,0
70235501269,0
71610340305,159
31700239254,127
784762080493,41
31700235638,383
31700236185,132
71610340282,106
31700238325,105
31700233207,260
31700237632,149
31700239070,90
70137839255,90
25900327637,12
25900336905,0
71610341746,0
25900200602,5
71610341302,18
71610341609,2
71610301993,606
31700238936,660
25900329822,27
858765001653,20
31700234723,220
31700009314,32
31700238950,3
25900329860,135
25900229597,47
71610341289,13
71610496347,11
25900379315,150
71610498785,13
8587650073111,21
25900336912,0
70235501368,6
25900443078,411
784762072306,17
784762072368,23
812615006762,19
31700237427,231
31700236222,668
71610496583,1
31700235645,404
71610340268,184
31700239278,0
31700238264,286
76452700300,-6
31700234808,132
817127027441,44
31700236451,1
31700239025,3
25900359034,76
819721010652,0
25900426835,60
25900229634,502
25900443108,209
31700238042,2
31700238349,11
25900359041,8
31700238547,62
25900336875,-48
31700238783,260
31700009840,0
31700239162,36
817127029506,31
819721010362,160
689076935920,507
819721010416,184
25900336721,73
25900336707,31
71610341692,24
31700237878,0
31700239049,-94
76452700560,19
784762080318,21
784762080257,0
858765004647,79
819721010331,262
858765005859,40
31700234822,79
25900229580,36
71610341173,30
71610341357,9
31700003336,23
71610340756,1
819721010867,4
812615006700,11
25900297473,380
31700420317,297
71610302778,708
71610301962,143
71610302372,117
71610499546,27
858765005941,27
858765005880,33
751667067584,71
71610341180,23
689076935722,172
858765005934,23
858765008676,34
858765008898,36
71610299610,148
812615006755,0
71610340466,184
751667313704,34
819721010355,378
819466011471,67
819466011464,68
819466011396,56
819466011389,117
31700234853,89
819721012458,0
25900444143,74
31700238844,19
812615006717,38
71610580091,19
25900329914,192
71610340183,57
751667074223,97
25900296339,183
25900329877,17
71610341241,35
819721011994,862
25900421120,272
25900329891,46
31700420270,194
751667090629,110
751667067546,80
25900240905,167
25900240868,181
25900240684,1227
71610341081,32
71610340473,102
71610303089,55
858765005842,78
751667074261,53
751667290029,140
31700235614,374
31700236253,79
31700236260,63
31700236284,579
31700236567,485
31700237410,236
31700236246,384
31700233788,402
31700236277,358
858765006832,42
31700238714,430
31700238752,367
817127026307,9
31700239056,218
71610340329,-1
25900226374,173
25900243715,42
31700237724,67
70137005889,21
31700237779,30
858765005835,116
31700236864,543
817127029544,188
25900443030,69
71610499508,66
71610341371,177
70137511212,1724
70137824251,0
71610502314,15
817127020800,55
817127021531,56
70137513377,88
751667090667,86
71610302730,21
71610501546,29
71610301870,36
71610299580,127
71610341166,65
31700237762,35
31700237885,30
31700237984,207
819721012397,228
858765004739,25
751667046947,298
25900426828,497
858765007334,36
31700239124,79
31700236208,842
25900443016,17
25900336899,21
819721010379,612
71610301900,86
31700237977,61
31700236628,81
71610341548,81
25900325725,288
71610340848,103
71610340169,320
71610341623,40
71610340916,166
71610341364,172
858765004067,31
819721010409,304
31700237717,97
819721011932,119
71610302273,39
70137839958,510
31700237755,0
25900329884,61
25900336882,92
31700236611,65
25900359546,148
25900359515,575
31700420256,239
819466011440,54
25900525453,61
31700236154,201
31700236840,20
25900247478,2234
70137513728,55
71610499348,8
25900240530,474
31700239377,105
31700237847,11
31700237861,37
31700239414,45
31700238004,25
31700237922,63
858765004722,63
70137525295,217
71610341159,33
71610341678,22
31700237786,24
25900287351,51
31700237915,36
31700239209,26
31700234877,283
31700236239,25
31700238646,771
31700234884,441
31700234860,335
31700233894,104
25900359539,84
31700900987,6
858765009093,140
31700234211,160
31700237939,41
31700238066,665
71610341227,46
31700238677,41
25900345921,64
25900345877,110
25900240790,97
31700239186,19
751667074346,83
71610341197,100
71610502413,32
25900240806,77
25900359010,179
31700238332,524
858765005828,228
31700237991,264
31700237953,105
25900329853,163
71610341333,130
25900325732,278
819721012366,316
71610341210,67
31700237748,108
71610341203,61
25900359058,81
25900359003,86
25900297695,413
25900336776,349
819721012427,318
25900278809,7
31700238394,47
70137515630,885
31700237946,181
819721010386,510
31700237694,94
70137500230,308
31700238028,192
70137005230,867
70137515296,1903
819721012052,417
25900359560,162
71610341234,65
25900325749,255
70137514916,176
70137005186,2004
71610301931,192
31700238011,180
25900296353,167
31700237700,194
25900329839,761
70137514879,250
31700238035,102
25900359508,690
25900359522,248
70137500186,1233
25900287337,1296
25900325718,815
71610301849,42
70137515593,596
71610495883,26
25900287344,85
71610340718,0
70137500056,29
70137514893,0
70137832355,0
70137824152,-60
70137832058,64
10819913011426,957
819913015175,0
849205032436,0
849205031231,7
849205031262,1
849205019475,26
849205032085,6
849205019352,46
849205019772,11
849205019925,48
849205032054,5
849205019680,20
819913012686,0
840048217349,0
887969010840,0
887969009981,0
887969010024,0
887969009868,0
887969010048,0
887969009929,0
887969009905,0
887969010000,0
887969009967,11
887969009127,0
887969011243,0
887969009028,116
887969009066,0
887969009189,21
887969009943,433
887969010802,35
819913015151,-96
887969009882,-3
10840048217445,1
840048217356,-4
849205030586,0
849205030616,1
887969011441,22
849205032146,0
849205019710,0
849205023526,8
849205022208,36
849205016290,30
849205032115,5
819913014987,46
819913015199,320
10819913015196,5
10819913015158,3
JUULM32,21
10840048219043,94
10840048219296,22
849205017914,35
10840048219036,84
849205022116,15
887969011427,160
10819913014984,-1
849205023557,51
849205022147,18
849205016269,28
849205023465,32
10819913011747,80
10840048202960,115
10819913012591,-347
849205030012,0
849205031354,0
849205032177,0
849205032467,0
849205022239,9
849205023434,16
717519101301,0
717519100731,1
717519001328,0
717519011280,0
717519100687,0
25900283278,0
25900282714,0
25900282745,22
25900289911,13
25900289836,26
25900282790,0
25900282813,12
25900400958,14
25900283209,15
717519001311,0
717519000871,0
717519000840,-1
717519000864,-1
717519011112,29
717519001045,6
717519111706,67
717519011143,18
717519001076,179
717519001052,13
717519008822,7
717519011105,108
717519000857,4
717519100632,0
25900285937,0
685141975037,3
685141975044,10
685141975020,6
685141975051,11
685141975006,5
812474010702,0
812474011914,0
812474012287,0
812474011884,0
812474011143,0
71737981078,0
812474011877,-1
71737439470,0
812474012263,-2
71737439432,2
27200366071,0
77170460316,0
42100002966,0
817127026918,10
676737654917,0
645781438385,0
676737899790,0
645781071636,0
6291108166376,0
6291108165805,0
6291108160640,0
6291108160763,0
6291108165782,0
6291108160602,2
6291100733071,0
8681511388607,0
847244001420,0
847244016936,0
847244045912,0
847244002168,0
847244002304,0
6291100732456,0
6291100732524,0
6291100732425,0
6291108166871,0
645781129504,0
761073426240,0
6291100736430,0
70195591614,0
42100007176,0
844504002951,9
676737594084,0
645781062092,0
8681511388904,0
708926701215,2
70195599450,0
70195591331,0
6291108166673,3
8681511382452,6
8681655765265,6
844504002999,12
844504003002,11
814101026063,14
8681511388942,0
708926701338,27
676737709631,0
8681655766057,5
8681511382841,3
8681655765029,5
742978845534,0
676737735289,18
676737528706,0
676737999230,0
8681511382315,5
6291108166345,3
6291108166635,30
6291108167892,0
8681511382766,6
27200005048,0
658238735029,0
6291108166710,4
33300270514,0
8681511382049,4
645781434998,11
645781183551,5
645781031111,8
6291108166895,0
8681511382582,0
8681655765302,3
6291108160510,0
6291108164396,0
6291108166697,5
8681655765036,3
33300635900,0
47995100926,0
47995100902,0
616366828235,0
616366828228,0
616366828242,0
616366828266,0
616366828273,0
616366828259,0
616366828297,0
847244002298,0
847244002274,0
33300518227,0
TRU1,0
6253503318118,0
812474012423,0
761847549113,0
750122786671,0
860668000008,0
649964992770,0
855906007499,0
855906007475,0
676737799762,0
655457106197,0
645781212961,0
27200366101,0
27200005314,18
894945001426,0
894945001419,0
894945001488,0
894945001440,0
894945001839,0
894945001433,0
894945001389,0
894945001372,0
894945001471,0
894945001402,0
894945001396,0
894945001860,0
894945001853,0
70195590228,1
70195595209,0
812615003488,11
812615003433,0
847244047411,0
847244002489,0
847244002472,0
879982004203,9
879982004197,16
847244002595,0
847244002601,0
812615003464,0
812615003419,0
814101026087,0
812615003426,0
812615009121,12
33300518104,0
616043444161,607
70195594301,10
762446501007,7
70195597289,15
6291108162224,8
844504002982,9
6291109092902,6
645781278073,0
655457172741,0
847244001833,14
8681511388911,0
8681511382742,5
33300635368,1
894945001846,-2
847244054969,8
847244047213,11
847244001772,6
847244000584,7
742978846180,0
8681655740330,5
8681655717905,2
6291108166772,17
6291108160756,35
8681511382551,8
6291108164747,3
6291109092926,4
6291100732487,2
6291108167380,8
6291108166444,17
6291108166758,6
8681655765067,4
6291108164815,2
708926701239,27
33300632251,0
844504002968,11
844504002975,10
6291108164600,2
6291108166505,41
6291108166659,30
6291108166819,6
6291108166970,6
6291108164952,4
8681655765098,4
6291108166833,4
35106004775,4
646695008077,1
8681655765104,3
6291109092919,4
42100007749,4
8681655735114,5
8681655735282,8
8681511388805,1
8681655726952,13
8681655765449,6
33300636174,4
6291108166956,3
71737439456,50
879982004210,8
708926701130,14
6291108161524,25
6291108162156,3
6291108167724,3
802084134608,0
6291100731497,6
8681511389710,6
8681655705117,3
8681655735091,4
6291108160794,3
799953039112,0
42100007794,4
42100007282,0
817127026949,6
707466999359,6
761847549328,5
6291108160633,8
645781126176,32
645781449916,29
742978846661,17
8681511389598,5
616043444116,9
16027641782,20
762446522200,3
8681511382308,2
70195596169,10
40835640750,81
6291108166611,4
40835640682,21
42100007725,9
8681655717530,4
8681511382872,4
6291108161456,3
8681511385880,4
6291108166468,3
6291108166857,3
708926701116,2
708926701314,7
35106006779,6
6291108164105,3
6291108160169,4
6291100731060,0
6291108162354,0
6291108161869,7
6291109097402,6
6291108161791,9
6291108164730,5
6291108161937,2
6291108161180,5
6291108162491,5
6291108164464,6
6291108164587,6
6291108166482,12
6291108166796,27
8681511389291,5
6291100736768,0
6291108164389,12
6291108161203,4
6291108160046,4
6291108165850,4
6291108161517,2
6291108167915,0
6291108162149,5
6291108162422,11
6291108164877,8
6291108160251,16
6291100731176,5
6291108164808,0
742978845961,14
742978847064,21
6291108164884,3
6291108160138,16
6291109092889,4
6291108161364,8
8681511388720,11
8681511389949,5
8681655701041,5
802084128485,8
6291108166734,6
6291108161586,4
6291108160435,5
40835640781,15
6291109092872,6
6291109097549,13
8681511388775,7
6291108164457,10
6291109097471,5
6291108161654,1
33300270538,17
8681655717882,6
6291108160374,5
70195594400,10
6291108160558,14
8681511382421,21
761847548864,11
742978845947,27
802084128492,7
6291108161067,12
6291108160312,7
6291100731794,26
6291108162071,5
6291108160282,7
802084127860,6
802084154552,30
6291108167700,11
738607282948,-62
761073426394,6
33300632541,13
40835640583,37
783495655077,47
33300635849,20
33300635870,7
742488783135,12
6291108160015,77
783495607533,11
6291108161302,5
799953209300,17
16027641775,55
6291108161722,1
6291100737314,12
6291108160220,7
6291108160077,36
6291108160404,-10
799953039525,20
33300270521,26
70195594202,29
6291100730629,21
70195594196,32
70195596602,19
799953309376,15
750122786725,73
855906007536,86
796559467110,-78
787269093218,1063
649964992787,75
742488783104,211
799953231202,35
799953210207,15
799953039327,48
855906007031,844
94922733443,1504
33300518043,0
761073425953,0
860010326275,407
860010326268,706
810159863452,97
71737981153,0
47995100100,0
812474012416,0
812474016001,0
812474010443,0
812474011631,0
812474016681,0
812474012232,0
812474012379,1
812474011655,0
812474010498,0
849523005419,0
812474016032,0
849523005464,0
812474010559,0
812474011693,0
849523005983,9
812474011136,0
849523005815,0
812474010511,0
812474016643,0
812474010528,0
812474016049,0
812474011730,0
812474012225,2
812474016100,0
812474011747,0
812474010542,1
812474011150,0
47995100131,0
812474010405,0
812474012188,0
849523005976,0
849523005433,1
812474010399,0
812474016117,0
812474010382,0
812474010436,0
812474011686,0
812474016018,0
849523006638,0
849523005327,0
812474010474,1
812474011648,2
812474016667,8
812474016704,0
812474011679,1
812474012454,2
35106057177,0
812474011365,-15
812474016094,-6
71737438800,6
812474012195,2
812474016568,-1
812474010276,-16
812474010207,-5
812474010313,-8
812474010535,1
812474016728,2
71737226179,1
812474016612,-6
812474016582,-3
812474011716,4
812474016605,-6
812474015998,-2
812474015899,-4
812474011709,0
812474016575,-5
71737221204,3
71737982020,0
70195599238,0
812474016070,0
849523007925,1
812474016124,1
812474016056,0
812474010481,0
812474016025,1
812474012539,21
71737226315,3
71737224205,1
812474016674,14
812474016698,2
71737440353,4
71737438824,2
35106057115,0
812474010450,2
812474016711,1
849523005402,2
812474012201,2
812474011600,5
812474012577,11
71737226322,10
71737226308,8
71737226285,8
812474010412,0
849523005334,11
812474012133,-1
812474012140,-6
812474016650,1
761073425991,0
849523005990,8
799953301974,0
660989379766,0
660989379735,0
660989379742,0
660989379759,0
660989379780,0
660989379797,0
660989379711,0
660989379773,0
660989379728,0
645189835069,0
645189835083,0
645189835106,0
645189835076,0
70195591751,0
765105170347,0
765105170361,0
762446522286,0
799953034223,0
765105170330,0
799953300366,0
799953331360,0
196852904730,17
196852170876,13
676737565800,0
715786995067,0
715786897590,0
645781142985,0
817127021241,46
676737518264,0
70195591768,0
70195599474,0
196852726578,18
71737226100,24
71737226131,24
849855000229,24
849855000236,24
849855000243,24
849855000250,24
849855000274,24
849855000281,24
849855000298,24
849855000311,24
849855002384,24
849855003251,24
817127021210,30
196852992188,17
799953310365,0
817127027014,0
817127027045,0
676737730642,0
762446704385,0
70195599139,0
850048616349,0
850048616363,0
850048616356,0
850048616332,0
850048616370,0
817127023559,0
817127023092,0
817127023580,0
817127023573,0
817127023597,0
817127023566,0
817127023108,0
817127023351,0
817127023368,0
817127023382,0
817127023375,0
817127023061,0
817127023405,0
817127023412,0
817127023429,0
817127023436,0
817127023085,0
602581743453,0
602581743477,0
602581743491,0
602581743514,0
602581743538,0
602581743552,0
602581743576,0
602581743590,1
602581743699,0
602581743637,0
602581743651,0
602581743675,0
71610528710,0
71610528727,0
71610528734,0
657479930316,0
657479733849,0
657479609427,0
657479617651,0
657479515353,0
602728154777,0
602728154784,0
602728154753,0
602728154760,0
602728154814,0
602728154807,0
762446522781,0
750253916657,0
750253916688,0
750253916718,0
750253916626,0
750253916749,0
717519195201,0
717519195249,0
817127027021,0
817127027038,0
817127027335,0
817127027342,0
817127027359,0
70195596336,0
47995100940,0
685141573035,0
685141573103,0
685141573080,0
685141573011,0
685141573004,0
685141573073,0
761073422815,0
BFL9999B,0
BFL199B,0
GBL199BX,0
DGRABBA25,0
71737438541,0
761073428534,0
792105975771,0
642380792214,0
602024247784,0
602024247777,0
71737226155,0
71737226292,0
71737225202,0
71737226025,0
71737226049,0
71737226193,0
71737227206,0
71737226001,0
71737223208,0
71737226278,0
71737229200,0
33300635832,0
71737438909,0
71737438848,0
71737438862,0
71737438886,0
799953034117,0
51497089276,0
71737440339,0
660111933729,-2
817127027205,0
10849855003111,7
27200366019,0
10849855003128,11
10849855003142,10
10849855003135,3
817127027267,42
817127028233,22
817127028240,22
817127028974,21
658238734848,0
817127027175,0
658238734961,0
796559467202,0
810159860307,40
849855002391,23
817127028226,19
810179220464,47
742978846623,0
742978845510,0
685141975013,11
71737439494,6
27200366040,362
658238735722,0
810120068671,27
810120068787,18
810120068763,18
810120068688,9
850059190449,0
817127027502,16
810159861823,-80
817127027236,43
810159862783,-3
810179220457,46
810179220471,46
796559467196,-6
817127027977,8
796559467103,19
810120068756,14
810120068770,14
810159861571,0
742978846166,0
658238734787,-1
810159860277,0
817127027533,15
810159861359,1
850059190463,0
810159861335,0
742978846449,0
810159861540,-1
817127028028,0
35106057146,10
658238735005,11
609792009347,24
609792009354,24
609792009361,24
609792009378,24
609792009385,24
609792009392,24
613527006242,24
613527196424,24
702338576348,24
702338576355,24
702338576362,24
758890512973,24
616663964902,73
817127027984,38
850059190029,1
817127028370,16
717519195447,112
817127027953,24
616663964933,0
658238734923,39
749565326872,1
658238734862,0
817127028219,21
817127028264,16
769577921391,0
810159862578,38
799953039150,34
742978845398,0
195893773725,336
810179220099,26
810179220075,33
810179220082,31
738607283013,25
817127028257,10
817127028202,19
742978846210,-51
658238734909,24
658238735562,28
742978846685,29
717519195409,110
717519195225,367
742978846173,16
71610341685,35
799953321279,23
810159863230,0
658238735616,13
742978846647,10
660111933682,10
71610341586,26
769577921186,133
817127028394,38
817127028387,22
817127028035,64
810179220129,23
810179220136,27
810179220105,28
810179220112,30
658238734800,25
817127028011,11
742978847026,28
742978845480,2
810159861519,70
742978846203,33
761073426219,584
860010326299,200
860010326282,180
850059190036,505
810159861489,42
769577921742,229
769577921193,117
769577921018,130
769577838033,66
812474012492,0
812474016087,4
47995100933,0
796559467240,1
796559466908,-9
799953221203,12
6974828617631,-2
840045208111,0
840045208418,0
840158612478,-18
6974828617884,-2
6974828617587,-3
6974828617563,-3
6974828617549,-4
6974828617969,-1
6974828617648,0
810090981383,0
810090981406,0
810090981321,0
810090981345,0
810090981307,0
832310240155,2
832310240100,6
512309160120,0
832310240124,3
822310240156,0
6974828617594,-4
840045201099,0
840045201181,0
822310240101,-4
608011835187,0
608011835200,0
608011835163,0
608011835156,0
608011835194,0
608011835170,0
822310240125,-1
840045208050,0
840045200825,0
840045200948,0
840045200856,0
840045207695,10
840045201273,0
840045200795,0
840045208234,0
Z24,9
840045200917,0
840045200672,0
840045208357,0
684514010115,0
684514010122,0
684514010139,0
684514010146,0
684514010153,0
684514010160,0
684514010177,0
684514010184,0
684514010269,0
684514010276,0
684514010283,0
684514010290,0
684514010313,0
684514010337,0
840170600439,0
840170600613,0
840170601061,0
684514010306,0
684514010320,0
832310240179,4
822310240187,0
822310240170,3
840170618229,0
840045207664,1
840158612591,0
810090981369,-1
887969011793,17
840158612416,29
840158612621,0
6974828617600,-7
6974828617624,-4
6974828617617,-3
887969011731,16
840045200979,-1
832310240186,5
887969011878,13
840045207633,10
840045207725,0
840170618076,7
840158608518,18
840158608570,18
887969011830,12
887969011779,19
887969011755,13
855022005324,15
887969011656,9
855022005850,14
8906181782945,0
8906181782952,0
8906181782976,0
8906181783095,0
8906181784215,0
8906181784222,0
887969011694,18
887969011717,17
887969011816,18
887969011854,18
840158608334,0
840158608693,18
855022005294,18
840170618045,7
840158609720,0
855022005171,22
855022005287,15
855022005348,11
855022005706,13
840158609294,3
855022005201,8
855022005249,12
840158612560,7
840045201006,6
8906181782983,-30
855022005386,10
887969011670,16
840045200702,10
649964320924,0
649964320948,0
649964321013,0
649964321037,1
649964321051,0
649964321419,0
649964320931,0
649964321044,0
840170618014,8
840170618250,6
840170618496,8
840170618281,9
840158608631,23
840158608396,10
840158608273,4
887969011892,16
840158608457,6
840158609812,2
840158609782,10
840045201303,8
840170618199,9
855022005225,13
855022005270,12
609249914415,55
840045200733,12
855022005300,20
609249923110,53
609249902429,0
840045201129,17
609249904416,74
609249902412,116
840170618465,5
855022005232,15
840170618434,4
609249904423,38
609249900418,85
855022005393,9
840170618106,1
840170618168,1
840170618137,8
840158612447,18
855022005188,14
609249903426,0
609249901415,88
855022005331,12
609249914422,72
855022005263,13
840045200887,7
840045200764,9
609249903419,86
609249920423,71
609249920416,78
609249906410,105
609249907417,109
609249901422,8
609249923226,60
609249907424,97
609249906427,82
609249900425,6
762446706235,0
4220518,0
762446440351,0
33300518166,2
73100032134,-27
73100022548,-1
73100021992,-13
73100021978,15
73100021954,27
762446730209,1
762446704552,0
762446707232,0
762446723232,0
762446720231,0
73100031793,0
73100030284,0
73100002601,0
762446721238,0
762446702237,0
73100021985,0
847244001390,0
847244016974,0
4216117,0
422321,0
732241,0
73100035616,0
73100062766,0
732501,0
762446831005,0
73100031786,0
762446720200,0
762446724208,0
732071,0
42100003062,0
732561,0
421861,0
42100025217,0
42100025248,0
421311,0
762446821006,0
762446811007,12
33300518265,0
762446703203,0
762446723201,0
73100067167,0
73100036897,0
73100056222,0
73100054778,0
73100046018,-4
42100016833,4
420671,0
42100011586,0
42100011203,0
42100011142,0
42100025347,0
42100024043,0
42100024012,0
42100022131,0
42100022865,0
429911,0
42100022834,0
42100011296,0
33300614110,0
33300614141,0
33300614172,0
33300614158,0
33300614189,0
33300614165,0
33300614134,0
33300614127,0
33300614301,0
422371,0
762446410354,0
762446420353,0
762446400355,0
73100048647,0
73100038655,0
73100048692,0
73100032127,0
73100034404,0
73100032172,-3
73100032097,-4
799953309925,0
799953001119,0
33300611102,0
33300518142,6
33300518302,12
42100025637,0
42100025668,0
42100025606,0
42100026177,0
42100026207,0
42100026351,0
42100026320,0
42100026290,0
42100025545,0
42100025514,0
42100025576,0
33300611072,4
42100026382,0
12300345316,4
762446434008,7
73100030260,2
33300611126,6
33300611300,4
33300611225,3
73100030277,4
73100021947,4
73100002472,4
73100030086,0
73100027215,10
73100019081,0
73100016783,0
73100022159,0
73100090899,8
73100035081,0
73100031700,1
73100011849,3
73100011818,5
73100010651,4
73100011887,5
73100011283,3
73100011948,1
73100002212,1
73100026041,5
42100003642,2
4223719,9
422361,6
429651,0
42100011326,5
42100012217,8
42100020571,0
42100025408,0
42100020540,0
42100010480,4
42100002041,3
33300518340,16
33300610556,5
12300345231,13
12300345101,3
73100011955,7
33300616923,8
762446708208,10
762446706204,11
762446721207,4
73100011030,12
73100011054,11
73100026027,8
762446430208,9
799953210306,8
762446701001,12
73100031670,18
33300611270,4
799953209201,14
73100014802,10
762446704200,12
42100001761,4
73100030253,5
33300616763,18
33300611003,5
33300616688,7
42100001266,8
73100022142,6
33300616916,12
73100019067,17
73100021961,4
73100023620,15
799953331278,20
4223418,43
12300345026,5
42100011265,7
73100031687,7
762446444007,11
762446492251,11
762446450206,30
70195354035,7
73100032837,14
33300616770,11
73100031724,9
762446705009,11
762446710201,4
762446404001,9
33300616930,27
762446420209,23
429111,20
33300611041,5
42100004663,3
4200514,16
42100001365,5
42100025002,18
42100025095,6
73100002557,7
73100010668,5
73100012631,9
73100029622,9
762446424009,18
762446454006,25
762446480104,17
762446493654,20
12300345293,3
4206712,10
799953309277,15
428991,18
762446414000,8
73100010972,10
12300344968,3
73100014789,20
429171,9
73100030369,35
4288716,41
33300616947,40
425531,23
73100011856,7
762446491650,5
762446410200,9
73100011016,10
73100012648,0
762446400201,19
42100026238,8
73100030550,15
762446490257,17
42100011234,41
73100014772,46
73100010996,34
42100024975,32
799953310273,27
73100010934,19
73100002021,12
762446440207,12
73100030031,3
42100025064,11
73100025976,2
73100030390,18
42100025033,17
73100012853,11
73100010958,40
73100025952,39
33300616886,6
420071,20
73100014611,132
428721,133
73100025891,16
425441,25
428741,21
73100010897,133
799953300175,0
817127024440,0
817127024457,0
817127024464,0
817127024471,0
817127024488,0
817127024495,0
817127024624,0
817127024631,0
817127024648,0
817127024655,0
817127024662,0
817127024679,0
762446491247,0
762446492268,0
39517811847,0
874411002577,-9
874411002591,-1
874411002553,-38
799953212201,0
