ItemLookupCode,Description,TransactionDate,SoldPrice,SoldCost,Quantity,TotalRevenue,GrossProfit,CustomerName,TransactionNumber
16285049263383,VIVA ZEN 12CT 2X CONCENTRATE,2025-08-30 11:26:22,70.0000,58.9990,1.0,70.0,11.001,PEACHTREE 5018 LLC,235462
16285049263383,VIVA ZEN 12CT 2X CONCENTRATE,2025-08-25 17:14:13,69.9900,58.9990,1.0,69.99,10.991,INAAYA INVESTMENTS INC/MAM 2022 LLC,235234
16285049263383,VIVA ZEN 12CT 2X CONCENTRATE,2025-08-24 13:34:40,67.5000,58.9990,1.0,67.5,8.501,SR UNITED USA INC,235177
16285049263383,VIVA ZEN 12CT 2X CONCENTRATE,2025-08-21 17:21:57,65.5000,58.9990,1.0,65.5,6.501,PETRO AVE LLC/ BP DUNWOODY,235064
16285049263383,VIVA ZEN 12CT 2X CONCENTRATE,2025-08-11 16:32:47,67.5000,58.9990,1.0,67.5,8.501,ARISHA SHELL INC,234516
10628504926137,VIVA ZEN 12CT EXTRA STRENGTH,2025-09-05 13:16:01,46.0000,44.2500,12.0,552.0,21.0,SHAGUFTA INVETSMENTS LLC/PACIFIC AVENUE FOOD MART,235753
10628504926137,VIVA ZEN 12CT EXTRA STRENGTH,2025-09-05 10:53:18,46.5000,44.2500,1.0,46.5,2.25,DUNWOODY CHEVRON,235729
10628504926137,VIVA ZEN 12CT EXTRA STRENGTH,2025-09-04 17:25:04,47.5000,44.2500,2.0,95.0,6.5,CHEVRON FOOD MART/ NIKI 3290 INC,235725
10628504926137,VIVA ZEN 12CT EXTRA STRENGTH,2025-09-04 16:47:02,46.5000,44.2500,1.0,46.5,2.25,PETRO AVE LLC/ BP DUNWOODY,235722
10628504926137,VIVA ZEN 12CT EXTRA STRENGTH,2025-09-04 16:37:05,47.5000,44.2500,2.0,95.0,6.5,SHAYAAN INVESTMENTS INC,235720
10628504926137,VIVA ZEN 12CT EXTRA STRENGTH,2025-09-03 17:47:56,47.5000,44.2500,1.0,47.5,3.25,3834 ALTO INC/BP GAS STATION,235674
10628504926137,VIVA ZEN 12CT EXTRA STRENGTH,2025-09-03 12:14:13,47.5000,44.2500,4.0,190.0,13.0,ARISHA SHELL INC,235654
10628504926137,VIVA ZEN 12CT EXTRA STRENGTH,2025-09-03 11:19:44,45.5000,44.2500,12.0,546.0,15.0,PETRO MAX LLC,235651
10628504926137,VIVA ZEN 12CT EXTRA STRENGTH,2025-09-02 19:11:08,48.5000,44.2500,2.0,97.0,8.5,NYSAH ENTERPRISES LLC/SHELL FOODMART,235642
10628504926137,VIVA ZEN 12CT EXTRA STRENGTH,2025-09-02 18:36:31,47.5000,44.2500,1.0,47.5,3.25,SHAMROCK FOODMART/ ARZAN SMART GROUP LLC,235634
10628504926137,VIVA ZEN 12CT EXTRA STRENGTH,2025-09-02 17:52:52,48.5000,44.2500,1.0,48.5,4.25,CONYERS 1801 LLC,235628
10628504926137,VIVA ZEN 12CT EXTRA STRENGTH,2025-09-02 16:49:37,49.5000,44.2500,1.0,49.5,5.25,SMART FOOD MART 3 /CHARANIYA FOODS LLC,235616
10628504926137,VIVA ZEN 12CT EXTRA STRENGTH,2025-09-01 12:47:32,47.5000,44.2500,2.0,95.0,6.5,AAP SANDY INC SHELL FOOD MART,235544
10628504926137,VIVA ZEN 12CT EXTRA STRENGTH,2025-08-31 16:36:47,48.5000,44.2500,5.0,242.5,21.25,KGN INTERNATIONAL LLC/WALKERS GROCERY AND DELI,235520
10628504926137,VIVA ZEN 12CT EXTRA STRENGTH,2025-08-31 15:53:35,48.5000,44.2500,2.0,97.0,8.5,601 BREMEN MANAGEMENT LLC/BREMEN MART,235513
10628504926137,VIVA ZEN 12CT EXTRA STRENGTH,2025-08-31 15:38:34,48.5000,44.2500,1.0,48.5,4.25,SCOTTDALE LLC,235512
10628504926137,VIVA ZEN 12CT EXTRA STRENGTH,2025-08-30 18:32:23,48.5000,44.2500,1.0,48.5,4.25,NEPAL INVESTMENT INC,235494
10628504926137,VIVA ZEN 12CT EXTRA STRENGTH,2025-08-29 15:07:17,45.5000,44.2500,60.0,2730.0,75.0,PETRO MAX LLC,235423
10628504926137,VIVA ZEN 12CT EXTRA STRENGTH,2025-08-28 18:46:24,47.5000,44.2500,2.0,95.0,6.5,CHEVRON FOOD MART/ NIKI 3290 INC,235398
10628504926137,VIVA ZEN 12CT EXTRA STRENGTH,2025-08-28 17:21:08,46.5000,44.2500,1.0,46.5,2.25,PETRO AVE LLC/ BP DUNWOODY,235389
10628504926137,VIVA ZEN 12CT EXTRA STRENGTH,2025-08-28 16:20:40,48.5000,44.2500,1.0,48.5,4.25,KK SONS USA INC,235383
10628504926137,VIVA ZEN 12CT EXTRA STRENGTH,2025-08-28 15:07:15,48.5000,44.2500,1.0,48.5,4.25,"JENA INVESTMENTS, INC. EXXON FOOD MART",235381
10628504926137,VIVA ZEN 12CT EXTRA STRENGTH,2025-08-28 10:50:43,46.5000,44.2500,1.0,46.5,2.25,DUNWOODY CHEVRON,235361
10628504926137,VIVA ZEN 12CT EXTRA STRENGTH,2025-08-27 19:06:50,47.5000,44.2500,1.0,47.5,3.25,ARISHA CHEVRON INC,235353
10628504926137,VIVA ZEN 12CT EXTRA STRENGTH,2025-08-26 18:32:51,47.5000,44.2500,1.0,47.5,3.25,RJM 145 INC,235307
10628504926137,VIVA ZEN 12CT EXTRA STRENGTH,2025-08-26 10:28:50,47.5000,44.2500,1.0,47.5,3.25,PEACHTREE 5018 LLC,235256
10628504926137,VIVA ZEN 12CT EXTRA STRENGTH,2025-08-25 16:20:16,49.5000,44.2500,4.0,198.0,21.0,NEWNAN LAKES BUSINESS INC,235227
10628504926137,VIVA ZEN 12CT EXTRA STRENGTH,2025-08-25 13:28:33,48.5000,44.2500,1.0,48.5,4.25,BOWDON MANAGEMENT LLC,235212
10628504926137,VIVA ZEN 12CT EXTRA STRENGTH,2025-08-24 18:41:06,48.5000,44.2500,3.0,145.5,12.75,MAGIC PRIME LLC/TRUCK STOP,235198
10628504926137,VIVA ZEN 12CT EXTRA STRENGTH,2025-08-24 17:57:54,46.0000,44.2500,12.0,552.0,21.0,SHAGUFTA INVETSMENTS LLC/PACIFIC AVENUE FOOD MART,235195
10628504926137,VIVA ZEN 12CT EXTRA STRENGTH,2025-08-24 17:50:00,48.5000,44.2500,5.0,242.5,21.25,KGN INTERNATIONAL LLC/WALKERS GROCERY AND DELI,235193
10628504926137,VIVA ZEN 12CT EXTRA STRENGTH,2025-08-24 16:18:48,49.5000,44.2500,1.0,49.5,5.25,PETROKART LLC,235185
10628504926137,VIVA ZEN 12CT EXTRA STRENGTH,2025-08-24 11:13:28,47.5000,44.2500,1.0,47.5,3.25,101 BP FOOD MART INC,235168
10628504926137,VIVA ZEN 12CT EXTRA STRENGTH,2025-08-23 16:05:36,47.5000,44.2500,1.0,47.5,3.25,EXPRESS POINT 612 INC,235157
10628504926137,VIVA ZEN 12CT EXTRA STRENGTH,2025-08-22 17:29:06,49.0000,44.2500,1.0,49.0,4.75,PEACHMART/DIAMOND BROS USA INC,235127
10628504926137,VIVA ZEN 12CT EXTRA STRENGTH,2025-08-21 17:21:57,46.5000,44.2500,1.0,46.5,2.25,PETRO AVE LLC/ BP DUNWOODY,235064
10628504926137,VIVA ZEN 12CT EXTRA STRENGTH,2025-08-21 15:10:32,47.5000,44.2500,1.0,47.5,3.25,AAP SANDY INC SHELL FOOD MART,235053
10628504926137,VIVA ZEN 12CT EXTRA STRENGTH,2025-08-20 18:51:01,47.5000,44.2500,1.0,47.5,3.25,SHAYAAN INVESTMENTS INC,235022
10628504926137,VIVA ZEN 12CT EXTRA STRENGTH,2025-08-20 14:36:08,49.5000,44.2500,2.0,99.0,10.5,NORTHCREST CHEVRON LLC,234993
10628504926137,VIVA ZEN 12CT EXTRA STRENGTH,2025-08-19 12:29:34,49.5000,44.2500,1.0,49.5,5.25,MABLETON USA INC/SHELL FOOD MART,234930
10628504926137,VIVA ZEN 12CT EXTRA STRENGTH,2025-08-18 17:45:26,48.5000,44.2500,1.0,48.5,4.25,BOWDON MANAGEMENT LLC,234909
10628504926137,VIVA ZEN 12CT EXTRA STRENGTH,2025-08-17 17:54:45,48.5000,44.2500,2.0,97.0,8.5,KGN INTERNATIONAL LLC/WALKERS GROCERY AND DELI,234852
10628504926137,VIVA ZEN 12CT EXTRA STRENGTH,2025-08-17 14:34:25,44.2500,44.2500,24.0,1062.0,0.0,Venture Collections LLC,234835
10628504926137,VIVA ZEN 12CT EXTRA STRENGTH,2025-08-17 12:51:37,49.5000,44.2500,1.0,49.5,5.25,WINDER FOOD MART 752 INC,234826
10628504926137,VIVA ZEN 12CT EXTRA STRENGTH,2025-08-15 14:02:08,46.0000,44.2500,12.0,552.0,21.0,SHAGUFTA INVETSMENTS LLC/PACIFIC AVENUE FOOD MART,234758
10628504926137,VIVA ZEN 12CT EXTRA STRENGTH,2025-08-14 17:27:47,46.5000,44.2500,3.0,139.5,6.75,DUNWOODY CHEVRON,234718
10628504926137,VIVA ZEN 12CT EXTRA STRENGTH,2025-08-14 17:22:30,47.5000,44.2500,2.0,95.0,6.5,CHEVRON FOOD MART/ NIKI 3290 INC,234717
10628504926137,VIVA ZEN 12CT EXTRA STRENGTH,2025-08-14 16:58:16,46.5000,44.2500,1.0,46.5,2.25,PETRO AVE LLC/ BP DUNWOODY,234715
10628504926137,VIVA ZEN 12CT EXTRA STRENGTH,2025-08-14 16:35:18,47.5000,44.2500,1.0,47.5,3.25,INAAYA INVESTMENTS INC/MAM 2022 LLC,234713
10628504926137,VIVA ZEN 12CT EXTRA STRENGTH,2025-08-14 14:55:52,48.5000,44.2500,3.0,145.5,12.75,MAGNET MARKET/4565 BP FOOD MART LLC,234699
10628504926137,VIVA ZEN 12CT EXTRA STRENGTH,2025-08-13 17:33:22,47.5000,44.2500,1.0,47.5,3.25,CLEVELAND 129 INC,234648
10628504926137,VIVA ZEN 12CT EXTRA STRENGTH,2025-08-13 17:05:57,46.0000,44.2500,12.0,552.0,21.0,SEANS COUNTRY STOP,234644
10628504926137,VIVA ZEN 12CT EXTRA STRENGTH,2025-08-13 15:59:32,49.5000,44.2500,3.0,148.5,15.75,NEWNAN LAKES BUSINESS INC,234639
10628504926137,VIVA ZEN 12CT EXTRA STRENGTH,2025-08-13 13:54:54,47.5000,44.2500,1.0,47.5,3.25,OAKLAND FOOD MART,234630
10628504926137,VIVA ZEN 12CT EXTRA STRENGTH,2025-08-13 12:47:29,47.5000,44.2500,1.0,47.5,3.25,AAP SANDY INC SHELL FOOD MART,234625
10628504926137,VIVA ZEN 12CT EXTRA STRENGTH,2025-08-13 10:18:21,49.5000,44.2500,2.0,99.0,10.5,EZ7 LLC,234620
10628504926137,VIVA ZEN 12CT EXTRA STRENGTH,2025-08-13 09:52:47,45.5000,44.2500,2.0,91.0,2.5,KORNER STORE BP,234619
10628504926137,VIVA ZEN 12CT EXTRA STRENGTH,2025-08-12 17:40:54,48.5000,44.2500,1.0,48.5,4.25,CONYERS 1801 LLC,234603
10628504926137,VIVA ZEN 12CT EXTRA STRENGTH,2025-08-12 15:31:04,47.5000,44.2500,2.0,95.0,6.5,SHAYAAN INVESTMENTS INC,234579
10628504926137,VIVA ZEN 12CT EXTRA STRENGTH,2025-08-12 13:57:41,47.0000,44.2500,4.0,188.0,11.0,WEST PACES CHEVRON PETROZONE LLC,234568
10628504926137,VIVA ZEN 12CT EXTRA STRENGTH,2025-08-12 12:12:21,48.5000,44.2500,1.0,48.5,4.25,NIMI 100 INC,234549
10628504926137,VIVA ZEN 12CT EXTRA STRENGTH,2025-08-12 12:02:23,48.5000,44.2500,1.0,48.5,4.25,PAVO 233 INC,234544
10628504926137,VIVA ZEN 12CT EXTRA STRENGTH,2025-08-11 18:14:37,48.5000,44.2500,4.0,194.0,17.0,601 BREMEN MANAGEMENT LLC/BREMEN MART,234527
10628504926137,VIVA ZEN 12CT EXTRA STRENGTH,2025-08-11 17:08:06,48.5000,44.2500,2.0,97.0,8.5,BOWDON MANAGEMENT LLC,234521
10628504926137,VIVA ZEN 12CT EXTRA STRENGTH,2025-08-10 18:14:39,48.5000,44.2500,2.0,97.0,8.5,MAGIC PRIME LLC/TRUCK STOP,234476
10628504926137,VIVA ZEN 12CT EXTRA STRENGTH,2025-08-10 15:32:37,46.5000,44.2500,6.0,279.0,13.5,4324 QM LLC/BP FOOD STORE,234459
10628504926137,VIVA ZEN 12CT EXTRA STRENGTH,2025-08-07 17:12:10,46.5000,44.2500,1.0,46.5,2.25,PETRO AVE LLC/ BP DUNWOODY,234342
10628504926137,VIVA ZEN 12CT EXTRA STRENGTH,2025-08-07 15:44:42,48.5000,44.2500,2.0,97.0,8.5,COVINGTON STORE PRIME LLC ,234332
10628504926137,VIVA ZEN 12CT EXTRA STRENGTH,2025-08-07 15:17:31,46.0000,44.2500,1.0,46.0,1.75,PETROKART LLC,234330
10628504926137,VIVA ZEN 12CT EXTRA STRENGTH,2025-08-07 13:25:48,46.0000,44.2500,12.0,552.0,21.0,SEANS COUNTRY STOP,234321
10628504926137,VIVA ZEN 12CT EXTRA STRENGTH,2025-08-07 12:15:48,49.5000,44.2500,1.0,49.5,5.25,2120 DULUTH MANAGEMENT LLC,234316
16285049265677,VIVA ZEN 12CT KAVA BLEND,2025-09-02 18:58:27,48.0000,42.0000,1.0,48.0,6.0,SPEEDZONE SHELL,235639
16285049265677,VIVA ZEN 12CT KAVA BLEND,2025-08-14 09:44:38,46.0000,42.0000,2.0,92.0,8.0,ARISHA CHEVRON INC,234660
16285049268647,VIVA ZEN 12CT KAVA+KRATOM BLND,2025-09-04 16:03:35,48.0000,40.0000,1.0,48.0,8.0,BP HAYNESBRIDGE,235716
16285049268647,VIVA ZEN 12CT KAVA+KRATOM BLND,2025-09-03 18:47:02,47.0000,44.0000,2.0,94.0,6.0,ARISHA CHEVRON INC,235681
16285049268647,VIVA ZEN 12CT KAVA+KRATOM BLND,2025-09-02 18:58:27,50.0000,44.0000,1.0,50.0,6.0,SPEEDZONE SHELL,235639
16285049268647,VIVA ZEN 12CT KAVA+KRATOM BLND,2025-08-27 19:06:50,47.0000,44.0000,2.0,94.0,6.0,ARISHA CHEVRON INC,235353
16285049268647,VIVA ZEN 12CT KAVA+KRATOM BLND,2025-08-25 17:14:13,48.0000,44.0000,1.0,48.0,4.0,INAAYA INVESTMENTS INC/MAM 2022 LLC,235234
16285049268647,VIVA ZEN 12CT KAVA+KRATOM BLND,2025-08-24 18:41:06,48.5000,44.0000,1.0,48.5,4.5,MAGIC PRIME LLC/TRUCK STOP,235198
16285049268647,VIVA ZEN 12CT KAVA+KRATOM BLND,2025-08-20 18:52:54,47.0000,44.0000,1.0,47.0,3.0,ARISHA CHEVRON INC,235023
16285049268647,VIVA ZEN 12CT KAVA+KRATOM BLND,2025-08-15 13:34:06,48.0000,44.0000,1.0,48.0,4.0,PEACHMART/DIAMOND BROS USA INC,234754
16285049268647,VIVA ZEN 12CT KAVA+KRATOM BLND,2025-08-14 09:44:38,47.0000,44.0000,4.0,188.0,12.0,ARISHA CHEVRON INC,234660
16285049268647,VIVA ZEN 12CT KAVA+KRATOM BLND,2025-08-13 17:33:22,47.0000,44.0000,1.0,47.0,3.0,CLEVELAND 129 INC,234648
10609465149322,VIVA ZEN 12CT REGULAR SHOT,2025-09-05 14:15:05,29.0000,27.2500,12.0,348.0,21.0,TYRONE B.P,235764
10609465149322,VIVA ZEN 12CT REGULAR SHOT,2025-09-04 17:25:04,30.0000,27.2500,3.0,90.0,8.25,CHEVRON FOOD MART/ NIKI 3290 INC,235725
10609465149322,VIVA ZEN 12CT REGULAR SHOT,2025-09-03 18:56:19,29.0000,27.2500,1.0,29.0,1.75,SEANS COUNTRY STOP,235683
10609465149322,VIVA ZEN 12CT REGULAR SHOT,2025-08-27 19:06:50,29.0000,27.2500,1.0,29.0,1.75,ARISHA CHEVRON INC,235353
10609465149322,VIVA ZEN 12CT REGULAR SHOT,2025-08-27 17:34:48,29.0000,27.2500,2.0,58.0,3.5,SEANS COUNTRY STOP,235344
10609465149322,VIVA ZEN 12CT REGULAR SHOT,2025-08-25 13:28:33,32.0000,27.2500,1.0,32.0,4.75,BOWDON MANAGEMENT LLC,235212
10609465149322,VIVA ZEN 12CT REGULAR SHOT,2025-08-24 18:41:06,32.0000,27.2500,1.0,32.0,4.75,MAGIC PRIME LLC/TRUCK STOP,235198
10609465149322,VIVA ZEN 12CT REGULAR SHOT,2025-08-24 16:18:48,33.0000,27.2500,1.0,33.0,5.75,PETROKART LLC,235185
10609465149322,VIVA ZEN 12CT REGULAR SHOT,2025-08-19 18:38:37,33.0000,27.2500,1.0,33.0,5.75,CHEVRON FOOD MART,234958
10609465149322,VIVA ZEN 12CT REGULAR SHOT,2025-08-18 18:39:58,27.0000,27.2500,1.0,27.0,-0.25,TRUSHA BUSINESS INC/BP,234920
10609465149322,VIVA ZEN 12CT REGULAR SHOT,2025-08-18 17:45:26,32.0000,27.2500,2.0,64.0,9.5,BOWDON MANAGEMENT LLC,234909
10609465149322,VIVA ZEN 12CT REGULAR SHOT,2025-08-18 15:59:03,29.0000,27.2500,12.0,348.0,21.0,TYRONE B.P,234902
10609465149322,VIVA ZEN 12CT REGULAR SHOT,2025-08-18 13:54:47,29.0000,27.2500,1.0,29.0,1.75,SEANS COUNTRY STOP,234894
10609465149322,VIVA ZEN 12CT REGULAR SHOT,2025-08-18 13:29:35,33.0000,27.2500,1.0,33.0,5.75,ALYSINAN INVESTMENT LLC,234890
10609465149322,VIVA ZEN 12CT REGULAR SHOT,2025-08-17 17:54:45,32.5000,27.2500,2.0,65.0,10.5,KGN INTERNATIONAL LLC/WALKERS GROCERY AND DELI,234852
10609465149322,VIVA ZEN 12CT REGULAR SHOT,2025-08-17 14:34:25,27.2500,27.2500,12.0,327.0,0.0,Venture Collections LLC,234835
10609465149322,VIVA ZEN 12CT REGULAR SHOT,2025-08-15 12:49:26,33.0000,27.2500,1.0,33.0,5.75,EZ20 INVESTMENTS LLC,234748
10609465149322,VIVA ZEN 12CT REGULAR SHOT,2025-08-14 09:44:38,29.0000,27.2500,1.0,29.0,1.75,ARISHA CHEVRON INC,234660
10609465149322,VIVA ZEN 12CT REGULAR SHOT,2025-08-13 15:59:32,33.0000,27.2500,1.0,33.0,5.75,NEWNAN LAKES BUSINESS INC,234639
10609465149322,VIVA ZEN 12CT REGULAR SHOT,2025-08-12 12:12:21,30.0000,27.2500,1.0,30.0,2.75,NIMI 100 INC,234549
10609465149322,VIVA ZEN 12CT REGULAR SHOT,2025-08-11 17:08:06,32.0000,27.2500,1.0,32.0,4.75,BOWDON MANAGEMENT LLC,234521
10609465149322,VIVA ZEN 12CT REGULAR SHOT,2025-08-10 18:14:39,32.0000,27.2500,2.0,64.0,9.5,MAGIC PRIME LLC/TRUCK STOP,234476
628504926123,VIVA ZEN 12CT ULTIMATE,2025-09-04 16:36:51,91.5000,88.5000,1.0,91.5,3.0,NIKI 1485 INC,235719
628504926123,VIVA ZEN 12CT ULTIMATE,2025-09-02 18:58:27,92.0000,88.5000,2.0,184.0,7.0,SPEEDZONE SHELL,235639
628504926123,VIVA ZEN 12CT ULTIMATE,2025-09-02 10:42:56,91.5000,88.5000,2.0,183.0,6.0,PAVO 233 INC,235580
628504926123,VIVA ZEN 12CT ULTIMATE,2025-08-29 11:15:15,100.0000,88.5000,1.0,100.0,11.5,MAGNET MARKET/4565 BP FOOD MART LLC,235407
628504926123,VIVA ZEN 12CT ULTIMATE,2025-08-28 16:20:40,99.0000,88.5000,1.0,99.0,10.5,KK SONS USA INC,235383
628504926123,VIVA ZEN 12CT ULTIMATE,2025-08-28 11:15:29,95.0000,88.5000,1.0,95.0,6.5,5401 COVINGTON HWY INC,235365
628504926123,VIVA ZEN 12CT ULTIMATE,2025-08-27 19:06:50,92.5000,88.5000,3.0,277.5,12.0,ARISHA CHEVRON INC,235353
628504926123,VIVA ZEN 12CT ULTIMATE,2025-08-25 16:20:16,100.0000,88.5000,1.0,100.0,11.5,NEWNAN LAKES BUSINESS INC,235227
628504926123,VIVA ZEN 12CT ULTIMATE,2025-08-21 17:21:57,92.5000,88.5000,1.0,92.5,4.0,PETRO AVE LLC/ BP DUNWOODY,235064
628504926123,VIVA ZEN 12CT ULTIMATE,2025-08-20 18:45:23,91.5000,88.5000,2.0,183.0,6.0,CLEVELAND 129 INC,235020
628504926123,VIVA ZEN 12CT ULTIMATE,2025-08-20 16:50:04,92.5000,88.5000,2.0,185.0,8.0,3834 ALTO INC/BP GAS STATION,235003
628504926123,VIVA ZEN 12CT ULTIMATE,2025-08-19 10:46:35,91.5000,88.5000,2.0,183.0,6.0,AT CONVENIENCE INC/SHELL FD MT,234924
628504926123,VIVA ZEN 12CT ULTIMATE,2025-08-14 10:23:36,92.5000,88.5000,1.0,92.5,4.0,3834 ALTO INC/BP GAS STATION,234664
628504926123,VIVA ZEN 12CT ULTIMATE,2025-08-14 09:44:38,92.5000,88.5000,1.0,92.5,4.0,ARISHA CHEVRON INC,234660
628504926123,VIVA ZEN 12CT ULTIMATE,2025-08-13 15:59:32,100.0000,88.5000,1.0,100.0,11.5,NEWNAN LAKES BUSINESS INC,234639
628504926123,VIVA ZEN 12CT ULTIMATE,2025-08-12 16:17:39,93.5000,88.5000,1.0,93.5,5.0,AUBURN BP INC,234586
628504926123,VIVA ZEN 12CT ULTIMATE,2025-08-12 15:31:04,91.5000,88.5000,2.0,183.0,6.0,SHAYAAN INVESTMENTS INC,234579
628504926123,VIVA ZEN 12CT ULTIMATE,2025-08-12 12:12:21,91.5000,88.5000,1.0,91.5,3.0,NIMI 100 INC,234549
628504926123,VIVA ZEN 12CT ULTIMATE,2025-08-10 17:52:57,92.0000,88.5000,1.0,92.0,3.5,SPEEDZONE SHELL,234474
